Topic,Time,Latency,FileId
topic_priority,12:21:53.720,1024.8294,log-1
topic_priority,12:21:53.800,698.2382,log-1
topic_priority,12:21:56.150,1000.5459,log-1
topic_priority,12:21:56.706,10.8775,log-1
topic_priority,12:21:56.826,6.8031,log-1
topic_priority,12:21:57.181,8.0725,log-1
topic_priority,12:21:59.678,7.2506,log-1
topic_priority,12:21:59.961,7.6713,log-1
topic_priority,12:22:02.684,8.1566,log-1
topic_priority,12:22:02.791,7.1978,log-1
topic_priority,12:22:02.937,6.8497,log-1
topic_priority,12:22:04.774,9.1406,log-1
topic_priority,12:22:05.037,8.2344,log-1
topic_priority,12:22:07.025,15.2654,log-1
topic_priority,12:22:07.302,14.3173,log-1
topic_priority,12:22:09.001,6.9226,log-1
topic_priority,12:22:09.272,9.1431,log-1
topic_priority,12:22:11.317,7.8708,log-1
topic_priority,12:22:11.589,7.8302,log-1
topic_priority,12:22:13.495,7.4714,log-1
topic_priority,12:22:13.574,10.0567,log-1
topic_priority,12:22:13.775,7.5643,log-1
topic_priority,12:22:16.168,8.5601,log-1
topic_priority,12:22:16.429,6.508,log-1
topic_priority,12:22:18.040,6.8002,log-1
topic_priority,12:22:18.321,7.3468,log-1
topic_priority,12:22:20.314,7.1148,log-1
topic_priority,12:22:20.582,8.3731,log-1
topic_priority,12:22:24.105,6.4469,log-1
topic_priority,12:22:24.364,8.0274,log-1
topic_priority,12:22:26.473,8.1738,log-1
topic_priority,12:22:27.929,6.5629,log-1
topic_priority,12:22:28.502,8.9175,log-1
topic_priority,12:22:30.462,7.2429,log-1
topic_priority,12:22:31.696,8.1065,log-1
topic_priority,12:22:32.448,6.446,log-1
topic_priority,12:22:34.388,6.1816,log-1
topic_priority,12:22:36.590,7.5774,log-1
topic_priority,12:22:39.067,7.6597,log-1
topic_priority,12:22:39.501,9.7409,log-1
topic_priority,12:22:42.795,9.1297,log-1
topic_priority,12:22:43.057,7.9736,log-1
topic_priority,12:22:45.862,6.982,log-1
topic_priority,12:22:46.131,7.24,log-1
topic_priority,12:22:48.332,8.4905,log-1
topic_priority,12:22:48.603,8.8932,log-1
topic_priority,12:22:51.410,8.0731,log-1
topic_priority,12:22:51.683,6.7399,log-1
topic_priority,12:22:51.834,7.6796,log-1
topic_priority,12:22:54.125,7.3534,log-1
topic_priority,12:22:54.401,10.2077,log-1
topic_priority,12:22:57.662,7.4031,log-1
topic_priority,12:22:57.692,8.0699,log-1
topic_priority,12:22:57.953,8.6353,log-1
topic_priority,12:23:00.505,6.7532,log-1
topic_priority,12:23:00.773,7.207,log-1
topic_priority,12:23:03.231,7.2193,log-1
topic_priority,12:23:03.495,6.7537,log-1
topic_priority,12:23:06.511,8.1775,log-1
topic_priority,12:23:06.781,8.0421,log-1
topic_priority,12:23:07.571,7.332,log-1
topic_priority,12:23:09.460,6.5513,log-1
topic_priority,12:23:09.729,7.083,log-1
topic_priority,12:23:13.088,8.1771,log-1
topic_priority,12:23:13.347,9.0573,log-1
topic_priority,12:23:17.035,6.8658,log-1
topic_priority,12:23:17.201,10.06,log-1
topic_priority,12:23:17.298,7.6743,log-1
topic_priority,12:23:22.358,10.0545,log-1
topic_priority,12:23:24.298,7.3918,log-1
topic_priority,12:23:27.159,6.6692,log-1
topic_priority,12:23:30.206,7.0053,log-1
topic_priority,12:23:31.537,7.411,log-1
topic_priority,12:23:31.937,7.0366,log-1
topic_priority,12:23:33.371,8.6597,log-1
topic_priority,12:23:36.623,8.5544,log-1
topic_priority,12:23:39.943,13.2303,log-1
topic_priority,12:23:41.133,8.7991,log-1
topic_priority,12:23:43.511,30.677,log-1
topic_priority,12:23:46.113,22.8653,log-1
topic_priority,12:23:47.176,8.6331,log-1
topic_priority,12:23:47.650,8.5193,log-1
topic_priority,12:23:50.623,12.886,log-1
topic_priority,12:23:53.229,13.0392,log-1
topic_priority,12:23:56.538,11.9994,log-1
topic_priority,12:23:56.575,14.1374,log-1
topic_priority,12:23:59.744,8.296,log-1
topic_priority,12:23:59.866,7.9191,log-1
topic_priority,12:24:03.073,8.6729,log-1
topic_priority,12:24:03.310,8.9521,log-1
topic_priority,12:24:06.762,12.1567,log-1
topic_priority,12:24:07.097,10.1092,log-1
topic_priority,12:24:11.105,12.2901,log-1
topic_priority,12:24:11.163,7.942,log-1
topic_priority,12:24:12.773,7.4459,log-1
topic_priority,12:24:15.112,18.1269,log-1
topic_priority,12:24:15.345,11.0466,log-1
topic_priority,12:24:18.851,7.0919,log-1
topic_priority,12:24:19.008,9.4385,log-1
topic_priority,12:24:22.539,7.8267,log-1
topic_priority,12:24:26.437,10.4288,log-1
topic_priority,12:24:30.085,12.0222,log-1
topic_priority,12:24:30.392,12.0596,log-1
topic_priority,12:24:34.628,7.3183,log-1
topic_priority,12:24:36.245,9.9137,log-1
topic_priority,12:24:39.353,7.6877,log-1
topic_priority,12:24:43.865,7.369,log-1
topic_priority,12:24:44.182,20.5621,log-1
topic_priority,12:24:48.416,7.9807,log-1
topic_priority,12:24:48.473,9.8516,log-1
topic_priority,12:24:48.492,8.3225,log-1
topic_priority,12:24:53.202,12.3385,log-1
topic_priority,12:24:53.525,14.3568,log-1
topic_priority,12:24:53.994,18.171,log-1
topic_priority,12:24:57.431,9.0249,log-1
topic_priority,12:24:57.600,8.5028,log-1
topic_priority,12:25:01.464,10.1718,log-1
topic_priority,12:25:02.182,7.759,log-1
topic_priority,12:25:04.994,13.1157,log-1
topic_priority,12:25:05.609,7.3014,log-1
topic_priority,12:25:09.340,14.4158,log-1
topic_priority,12:25:09.586,15.8143,log-1
topic_priority,12:25:13.968,11.3872,log-1
topic_priority,12:25:15.017,8.6713,log-1
topic_priority,12:25:15.078,10.9233,log-1
topic_priority,12:25:20.103,13.6942,log-1
topic_priority,12:25:20.383,9.6222,log-1
topic_priority,12:25:24.787,11.5347,log-1
topic_priority,12:25:28.919,12.5306,log-1
topic_priority,12:25:33.766,10.6748,log-1
topic_priority,12:25:34.635,12.6551,log-1
topic_priority,12:25:38.619,8.4933,log-1
topic_priority,12:25:41.825,6.8329,log-1
topic_priority,12:25:44.250,13.1365,log-1
topic_priority,12:25:48.080,12.7139,log-1
topic_priority,12:25:48.819,8.6215,log-1
topic_priority,12:25:49.918,9.3937,log-1
topic_priority,12:25:52.410,12.4923,log-1
topic_priority,12:25:53.156,7.4385,log-1
topic_priority,12:25:56.622,8.051,log-1
topic_priority,12:25:57.363,9.7203,log-1
topic_priority,12:26:01.313,11.668,log-1
topic_priority,12:26:02.052,7.9938,log-1
topic_priority,12:26:07.665,8.88,log-1
topic_priority,12:26:08.425,14.2394,log-1
topic_priority,12:26:11.007,12.2378,log-1
topic_priority,12:26:12.488,10.9923,log-1
topic_priority,12:26:13.241,15.1266,log-1
topic_priority,12:26:18.082,17.2042,log-1
topic_priority,12:26:18.815,7.3709,log-1
topic_priority,12:26:18.956,8.0903,log-1
topic_priority,12:26:23.572,13.7545,log-1
topic_priority,12:26:29.254,7.7132,log-1
topic_priority,12:26:34.798,15.5936,log-1
topic_priority,12:26:39.662,9.9233,log-1
topic_priority,12:26:42.299,13.9282,log-1
topic_priority,12:26:43.152,8.4049,log-1
topic_priority,12:26:45.248,20.658,log-1
topic_priority,12:26:46.469,11.2706,log-1
topic_priority,12:26:51.299,16.3274,log-1
topic_priority,12:26:52.535,19.1811,log-1
topic_priority,12:26:56.475,9.1499,log-1
topic_priority,12:27:02.452,14.8822,log-1
topic_priority,12:27:05.890,10.0328,log-1
topic_priority,12:27:07.446,12.5853,log-1
topic_priority,12:27:08.777,22.7597,log-1
topic_priority,12:27:11.432,10.8867,log-1
topic_priority,12:27:13.545,11.1207,log-1
topic_priority,12:27:17.035,13.0389,log-1
topic_priority,12:27:19.187,15.7333,log-1
topic_priority,12:27:23.010,8.9427,log-1
topic_priority,12:27:28.623,10.2543,log-1
topic_priority,12:27:33.614,20.5637,log-1
topic_priority,12:27:35.218,7.9923,log-1
topic_priority,12:27:38.532,14.7808,log-1
topic_priority,12:27:45.542,8.4208,log-1
topic_priority,12:27:46.034,13.454,log-1
topic_priority,12:27:50.822,8.7564,log-1
topic_priority,12:27:51.145,10.7247,log-1
topic_priority,12:27:56.845,17.1955,log-1
topic_priority,12:27:57.086,14.8242,log-1
topic_priority,12:28:03.396,9.3882,log-1
topic_priority,12:28:03.398,8.4948,log-1
topic_priority,12:28:03.527,12.7857,log-1
topic_priority,12:28:09.458,12.9947,log-1
topic_priority,12:28:09.849,8.9711,log-1
topic_priority,12:28:15.141,11.8953,log-1
topic_priority,12:28:15.424,11.6301,log-1
topic_priority,12:28:22.498,11.8513,log-1
topic_priority,12:28:28.186,8.4939,log-1
topic_priority,12:28:32.604,13.2455,log-1
topic_priority,12:28:35.311,14.2634,log-1
topic_priority,12:28:40.930,9.0898,log-1
topic_priority,12:28:45.860,12.5807,log-1
topic_priority,12:28:46.776,8.483,log-1
topic_priority,12:28:47.056,8.6972,log-1
topic_priority,12:28:53.805,9.7865,log-1
topic_priority,12:29:00.916,14.0119,log-1
topic_priority,12:29:04.439,15.8084,log-1
topic_priority,12:29:06.923,18.9471,log-1
topic_priority,12:29:07.589,13.4526,log-1
topic_priority,12:29:12.872,11.1075,log-1
topic_priority,12:29:14.976,14.9846,log-1
topic_priority,12:29:20.738,9.4912,log-1
topic_priority,12:29:27.144,9.7473,log-1
topic_priority,12:29:33.122,31.2296,log-1
topic_priority,12:29:37.007,16.0782,log-1
topic_priority,12:29:39.303,13.648,log-1
topic_priority,12:29:41.391,12.963,log-1
topic_priority,12:29:47.282,8.9887,log-1
topic_priority,12:29:49.559,10.5731,log-1
topic_priority,12:29:55.792,11.239,log-1
topic_priority,12:29:57.399,20.6021,log-1
topic_priority,12:30:02.583,9.039,log-1
topic_priority,12:30:04.873,9.9217,log-1
topic_priority,12:30:10.341,9.1398,log-1
topic_priority,12:30:11.077,20.3349,log-1
topic_priority,12:30:11.827,17.7831,log-1
topic_priority,12:30:17.875,11.3453,log-1
topic_priority,12:30:18.822,9.2116,log-1
topic_priority,12:30:25.292,10.2361,log-1
topic_priority,12:30:33.311,9.715,log-1
topic_priority,12:30:41.457,10.6335,log-1
topic_priority,12:30:41.733,9.5342,log-1
topic_priority,12:30:47.971,33.0331,log-1
topic_priority,12:30:49.259,12.1417,log-1
topic_priority,12:30:49.316,10.3398,log-1
topic_priority,12:30:57.654,26.2778,log-1
topic_priority,12:30:57.951,15.8133,log-1
topic_priority,12:31:06.043,20.2506,log-1
topic_priority,12:31:06.545,14.9859,log-1
topic_priority,12:31:14.499,9.9195,log-1
topic_priority,12:31:14.664,14.6028,log-1
topic_priority,12:31:22.223,12.2605,log-1
topic_priority,12:31:26.197,10.7667,log-1
topic_priority,12:31:29.480,17.1807,log-1
topic_priority,12:31:38.545,14.8581,log-1
topic_priority,12:31:47.244,15.6253,log-1
topic_priority,12:31:47.298,15.4219,log-1
topic_priority,12:31:56.265,12.3522,log-1
topic_priority,12:31:56.462,15.055,log-1
topic_priority,12:32:05.407,14.2363,log-1
topic_priority,12:32:05.569,10.9283,log-1
topic_priority,12:32:06.544,24.4323,log-1
topic_priority,12:32:14.192,16.3041,log-1
topic_priority,12:32:14.197,20.7516,log-1
topic_normal,12:21:56.465,9.5595,log-1
topic_normal,12:21:56.470,6.9674,log-1
topic_normal,12:21:56.482,9.0997,log-1
topic_normal,12:21:56.821,8.8151,log-1
topic_normal,12:21:58.670,9.3724,log-1
topic_normal,12:22:00.389,6.8946,log-1
topic_normal,12:22:01.860,11.7936,log-1
topic_normal,12:22:03.924,8.2613,log-1
topic_normal,12:22:05.761,9.404,log-1
topic_normal,12:22:07.211,9.4099,log-1
topic_normal,12:22:08.787,7.1409,log-1
topic_normal,12:22:09.032,7.5314,log-1
topic_normal,12:22:12.531,7.055,log-1
topic_normal,12:22:15.165,9.1302,log-1
topic_normal,12:22:17.190,6.886,log-1
topic_normal,12:22:19.639,6.2792,log-1
topic_normal,12:22:24.208,6.9124,log-1
topic_normal,12:22:25.357,8.3283,log-1
topic_normal,12:22:30.458,10.8418,log-1
topic_normal,12:22:34.269,7.0428,log-1
topic_normal,12:22:35.924,6.6334,log-1
topic_normal,12:22:41.952,7.213,log-1
topic_normal,12:22:43.143,7.6971,log-1
topic_normal,12:22:43.762,8.402,log-1
topic_normal,12:22:49.996,8.8346,log-1
topic_normal,12:22:50.443,8.0988,log-1
topic_normal,12:22:56.301,9.0272,log-1
topic_normal,12:22:56.402,7.5933,log-1
topic_normal,12:23:01.857,8.3873,log-1
topic_normal,12:23:02.886,7.5363,log-1
topic_normal,12:23:03.618,8.1312,log-1
topic_normal,12:23:11.051,8.0231,log-1
topic_normal,12:23:11.420,8.539,log-1
topic_normal,12:23:16.037,7.0465,log-1
topic_normal,12:23:16.750,6.6989,log-1
topic_normal,12:23:20.015,7.0138,log-1
topic_normal,12:23:22.950,7.9989,log-1
topic_normal,12:23:29.773,7.8565,log-1
topic_normal,12:23:36.055,8.9297,log-1
topic_normal,12:23:36.212,9.6162,log-1
topic_normal,12:23:39.441,14.1706,log-1
topic_normal,12:23:43.331,9.0276,log-1
topic_normal,12:23:43.833,12.911,log-1
topic_normal,12:23:49.747,13.0753,log-1
topic_normal,12:23:56.177,8.2795,log-1
topic_normal,12:23:59.733,7.471,log-1
topic_normal,12:24:00.341,8.0826,log-1
topic_normal,12:24:04.026,8.4791,log-1
topic_normal,12:24:07.333,10.5266,log-1
topic_normal,12:24:10.358,7.693,log-1
topic_normal,12:24:13.902,7.2893,log-1
topic_normal,12:24:17.344,11.0089,log-1
topic_normal,12:24:22.465,7.096,log-1
topic_normal,12:24:25.819,7.4716,log-1
topic_normal,12:24:32.515,10.6707,log-1
topic_normal,12:24:33.008,10.389,log-1
topic_normal,12:24:36.459,9.8019,log-1
topic_normal,12:24:40.191,8.8495,log-1
topic_normal,12:24:44.557,14.4621,log-1
topic_normal,12:24:47.556,15.613,log-1
topic_normal,12:24:51.181,10.2514,log-1
topic_normal,12:24:53.685,13.4104,log-1
topic_normal,12:24:55.757,7.871,log-1
topic_normal,12:24:57.885,9.8513,log-1
topic_normal,12:25:02.051,7.2672,log-1
topic_normal,12:25:03.007,11.3851,log-1
topic_normal,12:25:07.178,9.0114,log-1
topic_normal,12:25:10.429,14.9296,log-1
topic_normal,12:25:14.312,6.6441,log-1
topic_normal,12:25:18.542,7.8451,log-1
topic_normal,12:25:26.806,13.9397,log-1
topic_normal,12:25:28.940,11.7551,log-1
topic_normal,12:25:34.467,45.6471,log-1
topic_normal,12:25:39.833,13.6,log-1
topic_normal,12:25:40.941,16.4464,log-1
topic_normal,12:25:43.907,17.3522,log-1
topic_normal,12:25:48.153,19.3826,log-1
topic_normal,12:25:52.210,10.8621,log-1
topic_normal,12:25:58.233,11.7158,log-1
topic_normal,12:26:01.228,12.4117,log-1
topic_normal,12:26:03.136,18.8154,log-1
topic_normal,12:26:06.652,13.0502,log-1
topic_normal,12:26:09.656,16.019,log-1
topic_normal,12:26:15.670,14.523,log-1
topic_normal,12:26:18.999,7.6658,log-1
topic_normal,12:26:23.915,20.5393,log-1
topic_normal,12:26:31.233,17.0514,log-1
topic_normal,12:26:32.953,11.7941,log-1
topic_normal,12:26:42.349,16.9271,log-1
topic_normal,12:26:45.534,15.5697,log-1
topic_normal,12:26:51.021,8.5091,log-1
topic_normal,12:26:54.327,10.0818,log-1
topic_normal,12:26:59.277,10.9743,log-1
topic_normal,12:27:00.262,8.0896,log-1
topic_normal,12:27:03.407,9.3183,log-1
topic_normal,12:27:10.090,9.1343,log-1
topic_normal,12:27:12.441,8.0977,log-1
topic_normal,12:27:18.772,19.096,log-1
topic_normal,12:27:21.067,7.8833,log-1
topic_normal,12:27:26.435,12.3372,log-1
topic_normal,12:27:31.662,16.0585,log-1
topic_normal,12:27:35.513,9.5785,log-1
topic_normal,12:27:44.159,10.2479,log-1
topic_normal,12:27:46.292,12.0059,log-1
topic_normal,12:27:53.586,9.321,log-1
topic_normal,12:27:56.588,11.076,log-1
topic_normal,12:28:02.235,11.2577,log-1
topic_normal,12:28:04.633,12.6469,log-1
topic_normal,12:28:05.383,8.6209,log-1
topic_normal,12:28:12.433,8.6412,log-1
topic_normal,12:28:14.951,18.8939,log-1
topic_normal,12:28:21.724,9.1915,log-1
topic_normal,12:28:29.855,11.7057,log-1
topic_normal,12:28:39.676,15.2716,log-1
topic_normal,12:28:39.863,17.1108,log-1
topic_normal,12:28:50.157,8.3372,log-1
topic_normal,12:28:50.231,15.1153,log-1
topic_normal,12:28:59.663,8.8124,log-1
topic_normal,12:29:00.159,13.9991,log-1
topic_normal,12:29:10.546,12.9559,log-1
topic_normal,12:29:16.166,9.5338,log-1
topic_normal,12:29:19.633,9.1148,log-1
topic_normal,12:29:19.646,8.4878,log-1
topic_normal,12:29:29.410,9.5209,log-1
topic_normal,12:29:40.506,8.4395,log-1
topic_normal,12:29:49.756,9.5055,log-1
topic_normal,12:29:50.597,18.0337,log-1
topic_normal,12:29:54.324,9.2268,log-1
topic_normal,12:30:00.225,9.0617,log-1
topic_normal,12:30:09.886,10.0615,log-1
topic_normal,12:30:12.494,12.2764,log-1
topic_normal,12:30:20.846,10.5196,log-1
topic_normal,12:30:22.867,20.0523,log-1
topic_normal,12:30:34.437,10.1123,log-1
topic_normal,12:30:34.866,9.6286,log-1
topic_normal,12:30:42.337,13.7103,log-1
topic_normal,12:30:45.569,15.416,log-1
topic_normal,12:30:54.780,12.81,log-1
topic_normal,12:30:57.187,10.7201,log-1
topic_normal,12:31:05.693,20.0113,log-1
topic_normal,12:31:07.798,13.736,log-1
topic_normal,12:31:16.949,27.146,log-1
topic_normal,12:31:16.983,9.6527,log-1
topic_normal,12:31:19.468,10.175,log-1
topic_normal,12:31:30.412,22.0981,log-1
topic_normal,12:31:43.072,13.757,log-1
topic_normal,12:31:43.143,15.5862,log-1
topic_normal,12:31:54.408,11.8963,log-1
topic_normal,12:32:02.326,11.4965,log-1
topic_normal,12:32:06.758,16.673,log-1
topic_normal,12:32:18.198,12.9259,log-1
topic_normal,12:32:29.951,17.9225,log-1
topic_normal,12:32:43.190,15.1879,log-1
topic_normal,12:32:49.360,9.5969,log-1
topic_normal,12:32:54.732,13.6497,log-1
topic_normal,12:32:55.833,14.5865,log-1
topic_normal,12:32:56.290,17.0178,log-1
topic_normal,12:33:06.865,9.8349,log-1
topic_normal,12:33:06.906,10.6971,log-1
topic_normal,12:33:19.983,13.3414,log-1
topic_normal,12:33:20.528,10.0005,log-1
topic_normal,12:33:33.002,11.4897,log-1
topic_normal,12:33:38.397,14.2974,log-1
topic_normal,12:33:44.940,12.4609,log-1
topic_normal,12:33:59.321,9.8255,log-1
topic_normal,12:33:59.606,11.1714,log-1
topic_normal,12:34:13.041,11.4108,log-1
topic_normal,12:34:13.358,11.4185,log-1
topic_normal,12:34:26.449,15.394,log-1
topic_normal,12:34:30.608,11.2155,log-1
topic_normal,12:34:39.266,9.6572,log-1
topic_normal,12:34:52.764,14.0728,log-1
topic_normal,12:35:05.384,12.0021,log-1
topic_normal,12:35:05.423,11.8197,log-1
topic_normal,12:35:18.061,12.447,log-1
topic_normal,12:35:18.466,10.5498,log-1
topic_normal,12:35:25.812,12.6172,log-1
topic_normal,12:35:31.057,11.9482,log-1
topic_normal,12:35:45.765,12.0193,log-1
topic_normal,12:35:46.042,19.4997,log-1
topic_normal,12:36:02.085,12.6549,log-1
topic_normal,12:36:19.059,25.1649,log-1
topic_normal,12:36:19.951,12.5319,log-1
topic_normal,12:36:24.476,15.3021,log-1
topic_normal,12:36:34.039,14.5709,log-1
topic_normal,12:36:48.413,13.7155,log-1
topic_normal,12:36:48.839,19.0999,log-1
topic_normal,12:37:01.974,19.2982,log-1
topic_normal,12:37:02.573,16.9214,log-1
topic_normal,12:37:18.551,12.6712,log-1
topic_normal,12:37:18.630,23.0098,log-1
topic_normal,12:37:26.223,30.4692,log-1
topic_normal,12:37:33.123,13.4383,log-1
topic_normal,12:37:47.819,13.4639,log-1
topic_normal,12:37:48.509,20.7584,log-1
topic_normal,12:38:03.303,20.5837,log-1
topic_normal,12:38:03.941,16.037,log-1
topic_normal,12:38:19.519,11.8018,log-1
topic_normal,12:38:19.916,16.7013,log-1
topic_normal,12:38:31.119,12.1167,log-1
topic_normal,12:38:35.514,18.4128,log-1
topic_normal,12:38:50.523,12.6665,log-1
topic_normal,12:38:50.964,14.6968,log-1
topic_normal,12:39:07.199,14.6609,log-1
topic_normal,12:39:07.680,16.4216,log-1
topic_normal,12:39:24.190,14.9784,log-1
topic_normal,12:39:38.200,12.3138,log-1
topic_normal,12:39:42.742,18.8522,log-1
topic_normal,12:39:58.404,15.5285,log-1
topic_normal,12:40:17.220,17.0063,log-1
topic_normal,12:40:17.426,13.5961,log-1
topic_normal,12:40:35.504,12.427,log-1
topic_normal,12:40:49.625,15.8937,log-1
topic_normal,12:40:53.048,16.039,log-1
topic_normal,12:40:53.173,24.1034,log-1
topic_normal,12:41:11.768,16.9379,log-1
topic_normal,12:41:11.931,27.4736,log-1
topic_normal,12:41:26.864,17.0839,log-1
topic_normal,12:41:46.142,22.2197,log-1
topic_normal,12:41:46.326,18.3371,log-1
topic_normal,12:42:05.016,17.9957,log-1
topic_normal,12:42:05.330,15.0666,log-1
topic_normal,12:42:05.399,17.2996,log-1
topic_normal,12:42:22.208,17.9299,log-1
topic_normal,12:42:41.101,22.3276,log-1
topic_normal,12:42:41.829,15.6334,log-1
topic_normal,12:43:09.869,13.7113,log-1
topic_normal,12:43:35.941,23.9506,log-1
topic_normal,12:44:01.976,20.6144,log-1
topic_normal,12:44:02.930,16.2411,log-1
topic_normal,12:44:03.917,28.06,log-1
topic_normal,12:44:29.643,14.1252,log-1
topic_normal,12:44:55.175,25.6578,log-1
topic_normal,12:45:27.190,15.3831,log-1
topic_normal,12:45:30.581,17.196,log-1
topic_normal,12:45:49.568,16.3258,log-1
topic_normal,12:46:20.730,19.9914,log-1
topic_normal,12:46:50.231,22.6211,log-1
topic_normal,12:46:55.467,13.3585,log-1
topic_normal,12:47:00.405,16.0188,log-1
topic_normal,12:47:19.895,13.589,log-1
topic_normal,12:47:47.179,29.7507,log-1
topic_normal,12:48:16.520,51.3068,log-1
topic_normal,12:48:28.066,25.9026,log-1
topic_normal,12:48:33.875,34.4844,log-1
topic_normal,12:48:48.828,17.8703,log-1
topic_normal,12:49:17.978,21.7279,log-1
topic_normal,12:49:48.010,32.2301,log-1
topic_priority,12:21:51.971,177.9873,log-2
topic_priority,12:21:53.106,276.9992,log-2
topic_priority,12:21:54.149,368.4165,log-2
topic_priority,12:21:56.805,8.8501,log-2
topic_priority,12:21:57.157,7.968,log-2
topic_priority,12:21:58.114,9.5212,log-2
topic_priority,12:21:59.670,9.9892,log-2
topic_priority,12:21:59.947,8.7945,log-2
topic_priority,12:22:02.671,10.0787,log-2
topic_priority,12:22:02.923,9.3113,log-2
topic_priority,12:22:04.763,10.0716,log-2
topic_priority,12:22:05.021,8.5907,log-2
topic_priority,12:22:07.013,11.0213,log-2
topic_priority,12:22:07.272,10.0788,log-2
topic_priority,12:22:08.995,6.3932,log-2
topic_priority,12:22:09.254,7.2241,log-2
topic_priority,12:22:09.466,8.9398,log-2
topic_priority,12:22:11.310,7.3759,log-2
topic_priority,12:22:11.572,8.325,log-2
topic_priority,12:22:13.488,7.2675,log-2
topic_priority,12:22:13.760,8.1728,log-2
topic_priority,12:22:16.161,8.221,log-2
topic_priority,12:22:16.416,6.8458,log-2
topic_priority,12:22:18.034,7.0565,log-2
topic_priority,12:22:18.306,6.5604,log-2
topic_priority,12:22:20.304,7.1298,log-2
topic_priority,12:22:20.566,8.567,log-2
topic_priority,12:22:21.119,8.8339,log-2
topic_priority,12:22:23.830,7.3397,log-2
topic_priority,12:22:24.092,7.8563,log-2
topic_priority,12:22:24.483,10.263,log-2
topic_priority,12:22:26.196,6.906,log-2
topic_priority,12:22:26.458,7.3386,log-2
topic_priority,12:22:28.231,7.4338,log-2
topic_priority,12:22:28.231,7.7332,log-2
topic_priority,12:22:28.487,7.262,log-2
topic_priority,12:22:30.175,7.2014,log-2
topic_priority,12:22:30.441,7.8218,log-2
topic_priority,12:22:32.172,6.9584,log-2
topic_priority,12:22:32.435,6.8405,log-2
topic_priority,12:22:34.116,6.4748,log-2
topic_priority,12:22:34.375,7.5159,log-2
topic_priority,12:22:36.314,6.3819,log-2
topic_priority,12:22:36.353,6.9998,log-2
topic_priority,12:22:36.575,7.7344,log-2
topic_priority,12:22:39.223,7.5837,log-2
topic_priority,12:22:39.482,8.1277,log-2
topic_priority,12:22:42.787,9.6181,log-2
topic_priority,12:22:43.043,7.6488,log-2
topic_priority,12:22:45.856,6.701,log-2
topic_priority,12:22:46.118,6.6243,log-2
topic_priority,12:22:48.325,7.6019,log-2
topic_priority,12:22:48.586,8.9721,log-2
topic_priority,12:22:49.756,7.6003,log-2
topic_priority,12:22:51.402,7.6333,log-2
topic_priority,12:22:51.670,9.2988,log-2
topic_priority,12:22:54.118,6.3481,log-2
topic_priority,12:22:54.382,10.3918,log-2
topic_priority,12:22:57.684,7.724,log-2
topic_priority,12:22:57.757,8.2821,log-2
topic_priority,12:22:57.935,7.8079,log-2
topic_priority,12:23:00.499,7.4349,log-2
topic_priority,12:23:00.759,7.3459,log-2
topic_priority,12:23:03.224,7.9906,log-2
topic_priority,12:23:03.482,6.8943,log-2
topic_priority,12:23:06.503,7.59,log-2
topic_priority,12:23:06.765,7.7152,log-2
topic_priority,12:23:07.068,10.3568,log-2
topic_priority,12:23:09.454,7.0375,log-2
topic_priority,12:23:09.715,7.2085,log-2
topic_priority,12:23:13.079,7.738,log-2
topic_priority,12:23:13.331,10.409,log-2
topic_priority,12:23:17.019,6.993,log-2
topic_priority,12:23:17.024,7.8969,log-2
topic_priority,12:23:17.284,8.0512,log-2
topic_priority,12:23:20.730,13.6773,log-2
topic_priority,12:23:24.019,9.0138,log-2
topic_priority,12:23:24.285,7.4349,log-2
topic_priority,12:23:26.389,8.9631,log-2
topic_priority,12:23:27.144,7.157,log-2
topic_priority,12:23:29.436,8.0043,log-2
topic_priority,12:23:30.193,7.0158,log-2
topic_priority,12:23:31.543,7.4295,log-2
topic_priority,12:23:32.597,8.1483,log-2
topic_priority,12:23:33.355,7.9283,log-2
topic_priority,12:23:35.848,7.5083,log-2
topic_priority,12:23:36.608,8.3726,log-2
topic_priority,12:23:39.161,11.5925,log-2
topic_priority,12:23:39.173,11.0714,log-2
topic_priority,12:23:39.934,24.653,log-2
topic_priority,12:23:43.507,39.8921,log-2
topic_priority,12:23:47.167,9.1369,log-2
topic_priority,12:23:47.634,6.5532,log-2
topic_priority,12:23:50.610,10.7797,log-2
topic_priority,12:23:53.207,11.8633,log-2
topic_priority,12:23:55.764,7.1635,log-2
topic_priority,12:23:56.563,18.7628,log-2
topic_priority,12:23:57.206,8.5434,log-2
topic_priority,12:23:59.737,8.5868,log-2
topic_priority,12:23:59.849,8.0656,log-2
topic_priority,12:24:03.065,7.1594,log-2
topic_priority,12:24:03.297,9.459,log-2
topic_priority,12:24:06.730,11.3331,log-2
topic_priority,12:24:07.088,9.0512,log-2
topic_priority,12:24:11.083,10.8064,log-2
topic_priority,12:24:11.159,12.9641,log-2
topic_priority,12:24:11.733,7.202,log-2
topic_priority,12:24:15.079,13.5318,log-2
topic_priority,12:24:15.335,13.2898,log-2
topic_priority,12:24:18.844,7.1804,log-2
topic_priority,12:24:18.993,10.0616,log-2
topic_priority,12:24:22.525,8.185,log-2
topic_priority,12:24:22.715,10.4727,log-2
topic_priority,12:24:26.396,8.9313,log-2
topic_priority,12:24:26.421,9.1153,log-2
topic_priority,12:24:28.182,10.0488,log-2
topic_priority,12:24:30.365,13.7213,log-2
topic_priority,12:24:30.742,9.9195,log-2
topic_priority,12:24:34.613,7.4869,log-2
topic_priority,12:24:34.875,13.0148,log-2
topic_priority,12:24:39.340,8.5475,log-2
topic_priority,12:24:39.447,7.3243,log-2
topic_priority,12:24:43.847,7.7219,log-2
topic_priority,12:24:44.155,13.4134,log-2
topic_priority,12:24:47.588,10.345,log-2
topic_priority,12:24:48.456,7.5845,log-2
topic_priority,12:24:48.483,7.8128,log-2
topic_priority,12:24:53.180,13.602,log-2
topic_priority,12:24:53.513,14.3884,log-2
topic_priority,12:24:54.586,8.3062,log-2
topic_priority,12:24:57.423,10.0232,log-2
topic_priority,12:24:57.585,8.0888,log-2
topic_priority,12:25:01.454,7.2541,log-2
topic_priority,12:25:02.167,8.2113,log-2
topic_priority,12:25:04.981,11.7554,log-2
topic_priority,12:25:05.593,7.1361,log-2
topic_priority,12:25:09.331,31.8028,log-2
topic_priority,12:25:09.572,12.344,log-2
topic_priority,12:25:15.000,9.2332,log-2
topic_priority,12:25:15.069,11.8345,log-2
topic_priority,12:25:15.533,11.5709,log-2
topic_priority,12:25:15.952,14.7163,log-2
topic_priority,12:25:20.093,23.4742,log-2
topic_priority,12:25:20.374,7.3562,log-2
topic_priority,12:25:24.423,11.6405,log-2
topic_priority,12:25:24.761,14.0652,log-2
topic_priority,12:25:28.895,11.1071,log-2
topic_priority,12:25:29.086,15.3737,log-2
topic_priority,12:25:33.744,14.1253,log-2
topic_priority,12:25:34.106,8.7854,log-2
topic_priority,12:25:37.899,8.3685,log-2
topic_priority,12:25:38.604,7.8857,log-2
topic_priority,12:25:44.228,17.0453,log-2
topic_priority,12:25:48.064,11.2529,log-2
topic_priority,12:25:48.801,14.7265,log-2
topic_priority,12:25:50.206,15.0849,log-2
topic_priority,12:25:52.402,15.5627,log-2
topic_priority,12:25:53.140,13.635,log-2
topic_priority,12:25:56.614,8.2511,log-2
topic_priority,12:25:57.347,9.4942,log-2
topic_priority,12:26:01.323,32.5754,log-2
topic_priority,12:26:02.035,7.6928,log-2
topic_priority,12:26:07.657,7.9204,log-2
topic_priority,12:26:08.155,14.6127,log-2
topic_priority,12:26:08.407,31.2942,log-2
topic_priority,12:26:12.478,9.871,log-2
topic_priority,12:26:13.218,15.7058,log-2
topic_priority,12:26:18.067,14.1463,log-2
topic_priority,12:26:18.801,9.9017,log-2
topic_priority,12:26:22.802,14.6243,log-2
topic_priority,12:26:23.554,23.8704,log-2
topic_priority,12:26:28.496,8.6131,log-2
topic_priority,12:26:29.239,12.485,log-2
topic_priority,12:26:32.319,15.2739,log-2
topic_priority,12:26:34.054,12.6249,log-2
topic_priority,12:26:34.776,12.2053,log-2
topic_priority,12:26:38.881,7.0045,log-2
topic_priority,12:26:39.638,21.0443,log-2
topic_priority,12:26:45.231,18.7395,log-2
topic_priority,12:26:46.446,11.8319,log-2
topic_priority,12:26:51.279,21.7699,log-2
topic_priority,12:26:52.520,31.8419,log-2
topic_priority,12:26:56.469,14.001,log-2
topic_priority,12:26:57.922,13.271,log-2
topic_priority,12:27:02.438,9.3315,log-2
topic_priority,12:27:05.874,10.0846,log-2
topic_priority,12:27:07.436,13.5543,log-2
topic_priority,12:27:11.414,15.9379,log-2
topic_priority,12:27:13.533,11.5448,log-2
topic_priority,12:27:17.015,16.7495,log-2
topic_priority,12:27:19.174,14.0969,log-2
topic_priority,12:27:22.996,10.1159,log-2
topic_priority,12:27:25.352,25.9553,log-2
topic_priority,12:27:28.607,10.7519,log-2
topic_priority,12:27:28.947,14.2672,log-2
topic_priority,12:27:33.588,29.8987,log-2
topic_priority,12:27:33.769,8.6217,log-2
topic_priority,12:27:38.503,14.0952,log-2
topic_priority,12:27:39.161,30.4128,log-2
topic_priority,12:27:45.528,9.9415,log-2
topic_priority,12:27:46.023,13.1072,log-2
topic_priority,12:27:50.806,8.9827,log-2
topic_priority,12:27:51.136,9.1491,log-2
topic_priority,12:27:53.589,12.6255,log-2
topic_priority,12:27:56.831,16.3575,log-2
topic_priority,12:27:57.064,15.94,log-2
topic_priority,12:28:03.385,11.2181,log-2
topic_priority,12:28:03.388,11.397,log-2
topic_priority,12:28:09.444,15.6503,log-2
topic_priority,12:28:09.833,11.8422,log-2
topic_priority,12:28:15.130,9.3455,log-2
topic_priority,12:28:15.408,20.2325,log-2
topic_priority,12:28:22.011,9.3573,log-2
topic_priority,12:28:22.479,20.6993,log-2
topic_priority,12:28:23.919,9.8862,log-2
topic_priority,12:28:27.707,14.5653,log-2
topic_priority,12:28:28.170,8.8336,log-2
topic_priority,12:28:34.646,8.0933,log-2
topic_priority,12:28:35.289,11.7281,log-2
topic_priority,12:28:40.098,16.4621,log-2
topic_priority,12:28:46.766,9.6462,log-2
topic_priority,12:28:47.040,9.2248,log-2
topic_priority,12:28:53.797,11.475,log-2
topic_priority,12:28:55.760,16.0203,log-2
topic_priority,12:29:00.908,18.4559,log-2
topic_priority,12:29:06.847,20.3377,log-2
topic_priority,12:29:07.573,13.4323,log-2
topic_priority,12:29:12.852,13.7438,log-2
topic_priority,12:29:14.964,13.1548,log-2
topic_priority,12:29:20.725,13.0674,log-2
topic_priority,12:29:21.763,15.7903,log-2
topic_priority,12:29:27.125,9.7462,log-2
topic_priority,12:29:27.809,14.9934,log-2
topic_priority,12:29:29.450,50.5769,log-2
topic_priority,12:29:33.086,14.22,log-2
topic_priority,12:29:33.634,12.7698,log-2
topic_priority,12:29:39.283,8.8543,log-2
topic_priority,12:29:41.385,17.0411,log-2
topic_priority,12:29:47.267,9.0513,log-2
topic_priority,12:29:49.550,12.2685,log-2
topic_priority,12:29:55.774,12.2079,log-2
topic_priority,12:29:57.377,15.2861,log-2
topic_priority,12:30:02.568,10.8069,log-2
topic_priority,12:30:04.672,9.2069,log-2
topic_priority,12:30:04.865,10.1184,log-2
topic_priority,12:30:10.320,14.346,log-2
topic_priority,12:30:11.808,19.2751,log-2
topic_priority,12:30:17.857,10.9104,log-2
topic_priority,12:30:18.813,11.8707,log-2
topic_priority,12:30:25.271,12.8169,log-2
topic_priority,12:30:32.912,25.1901,log-2
topic_priority,12:30:33.296,11.0789,log-2
topic_priority,12:30:40.830,10.3175,log-2
topic_priority,12:30:41.452,13.7961,log-2
topic_priority,12:30:41.707,11.9676,log-2
topic_priority,12:30:49.249,10.2396,log-2
topic_priority,12:30:49.297,10.1099,log-2
topic_priority,12:30:57.629,23.1537,log-2
topic_priority,12:30:57.926,14.7254,log-2
topic_priority,12:31:01.545,16.5448,log-2
topic_priority,12:31:06.035,28.8283,log-2
topic_priority,12:31:06.520,10.0431,log-2
topic_priority,12:31:14.493,12.9883,log-2
topic_priority,12:31:14.637,14.8762,log-2
topic_priority,12:31:22.191,14.4708,log-2
topic_priority,12:31:22.202,10.7542,log-2
topic_priority,12:31:29.450,12.6047,log-2
topic_priority,12:31:29.897,59.9367,log-2
topic_priority,12:31:38.519,18.2925,log-2
topic_priority,12:31:38.705,22.1697,log-2
topic_priority,12:31:40.883,15.874,log-2
topic_priority,12:31:47.234,21.6408,log-2
topic_priority,12:31:47.275,11.2428,log-2
topic_priority,12:31:56.253,10.5798,log-2
topic_priority,12:31:56.438,12.3044,log-2
topic_priority,12:32:05.394,10.2559,log-2
topic_priority,12:32:05.552,12.9781,log-2
topic_priority,12:32:14.154,24.1865,log-2
topic_priority,12:32:14.176,17.0482,log-2
topic_normal,12:21:56.064,8.9873,log-2
topic_normal,12:21:56.603,9.2366,log-2
topic_normal,12:21:56.611,6.7409,log-2
topic_normal,12:21:56.812,7.2239,log-2
topic_normal,12:21:58.652,8.483,log-2
topic_normal,12:22:00.380,7.9779,log-2
topic_normal,12:22:01.842,10.8918,log-2
topic_normal,12:22:03.916,9.1484,log-2
topic_normal,12:22:05.743,8.6518,log-2
topic_normal,12:22:07.202,11.6734,log-2
topic_normal,12:22:08.773,7.4918,log-2
topic_normal,12:22:12.524,6.6452,log-2
topic_normal,12:22:12.784,6.2077,log-2
topic_normal,12:22:15.149,10.7065,log-2
topic_normal,12:22:17.184,7.4139,log-2
topic_normal,12:22:19.626,7.6735,log-2
topic_normal,12:22:21.806,6.9308,log-2
topic_normal,12:22:24.195,8.2324,log-2
topic_normal,12:22:24.724,17.9473,log-2
topic_normal,12:22:27.233,7.5259,log-2
topic_normal,12:22:30.427,8.1955,log-2
topic_normal,12:22:33.366,7.4593,log-2
topic_normal,12:22:35.908,8.0308,log-2
topic_normal,12:22:38.384,7.4298,log-2
topic_normal,12:22:41.935,7.4487,log-2
topic_normal,12:22:43.310,7.6287,log-2
topic_normal,12:22:43.755,8.1467,log-2
topic_normal,12:22:49.988,8.5598,log-2
topic_normal,12:22:50.428,8.9398,log-2
topic_normal,12:22:56.284,6.7491,log-2
topic_normal,12:22:56.395,7.5481,log-2
topic_normal,12:23:02.553,7.9845,log-2
topic_normal,12:23:02.873,7.2364,log-2
topic_normal,12:23:03.611,8.2171,log-2
topic_normal,12:23:11.036,9.0632,log-2
topic_normal,12:23:11.412,7.2135,log-2
topic_normal,12:23:16.024,7.0842,log-2
topic_normal,12:23:16.744,7.1739,log-2
topic_normal,12:23:22.785,6.8951,log-2
topic_normal,12:23:22.935,7.627,log-2
topic_normal,12:23:23.518,7.741,log-2
topic_normal,12:23:29.757,9.2177,log-2
topic_normal,12:23:30.599,7.464,log-2
topic_normal,12:23:36.195,8.3022,log-2
topic_normal,12:23:43.315,8.2639,log-2
topic_normal,12:23:43.821,8.3238,log-2
topic_normal,12:23:44.328,10.9341,log-2
topic_normal,12:23:49.722,11.4573,log-2
topic_normal,12:23:56.162,8.388,log-2
topic_normal,12:24:00.334,8.036,log-2
topic_normal,12:24:04.009,10.7015,log-2
topic_normal,12:24:06.492,14.9368,log-2
topic_normal,12:24:07.324,9.1606,log-2
topic_normal,12:24:10.344,7.7295,log-2
topic_normal,12:24:13.895,8.4776,log-2
topic_normal,12:24:17.321,10.2422,log-2
topic_normal,12:24:21.376,11.0536,log-2
topic_normal,12:24:23.571,11.2209,log-2
topic_normal,12:24:25.805,9.4439,log-2
topic_normal,12:24:29.882,8.1692,log-2
topic_normal,12:24:32.988,11.8746,log-2
topic_normal,12:24:36.577,8.3914,log-2
topic_normal,12:24:40.175,8.8743,log-2
topic_normal,12:24:42.946,10.4115,log-2
topic_normal,12:24:44.543,12.7898,log-2
topic_normal,12:24:47.524,13.0259,log-2
topic_normal,12:24:51.172,13.421,log-2
topic_normal,12:24:53.662,11.9338,log-2
topic_normal,12:24:57.870,10.3469,log-2
topic_normal,12:25:02.036,7.8598,log-2
topic_normal,12:25:02.769,11.9708,log-2
topic_normal,12:25:07.173,12.7605,log-2
topic_normal,12:25:10.406,13.9666,log-2
topic_normal,12:25:14.307,9.9116,log-2
topic_normal,12:25:18.516,16.8884,log-2
topic_normal,12:25:22.858,9.7288,log-2
topic_normal,12:25:26.786,14.3575,log-2
topic_normal,12:25:29.458,9.0021,log-2
topic_normal,12:25:31.346,12.3214,log-2
topic_normal,12:25:34.415,14.0595,log-2
topic_normal,12:25:37.307,16.6875,log-2
topic_normal,12:25:38.473,7.7799,log-2
topic_normal,12:25:48.129,18.5367,log-2
topic_normal,12:25:52.198,9.7351,log-2
topic_normal,12:25:58.205,15.8368,log-2
topic_normal,12:26:01.211,15.1327,log-2
topic_normal,12:26:05.817,18.8995,log-2
topic_normal,12:26:06.523,8.4133,log-2
topic_normal,12:26:06.621,20.1244,log-2
topic_normal,12:26:09.639,10.2171,log-2
topic_normal,12:26:15.646,14.6906,log-2
topic_normal,12:26:18.992,9.8376,log-2
topic_normal,12:26:23.884,14.7806,log-2
topic_normal,12:26:27.416,7.8202,log-2
topic_normal,12:26:30.329,9.7656,log-2
topic_normal,12:26:32.936,19.2801,log-2
topic_normal,12:26:36.401,12.1824,log-2
topic_normal,12:26:42.315,14.5364,log-2
topic_normal,12:26:45.520,14.7768,log-2
topic_normal,12:26:51.004,9.1698,log-2
topic_normal,12:26:54.319,11.6181,log-2
topic_normal,12:26:59.255,8.4425,log-2
topic_normal,12:27:01.127,8.7277,log-2
topic_normal,12:27:03.400,11.7541,log-2
topic_normal,12:27:10.073,8.2461,log-2
topic_normal,12:27:12.434,9.2475,log-2
topic_normal,12:27:18.744,15.872,log-2
topic_normal,12:27:21.057,9.269,log-2
topic_normal,12:27:22.002,9.0809,log-2
topic_normal,12:27:26.409,15.8427,log-2
topic_normal,12:27:29.244,27.3375,log-2
topic_normal,12:27:35.497,9.1931,log-2
topic_normal,12:27:37.562,9.3949,log-2
topic_normal,12:27:44.141,16.947,log-2
topic_normal,12:27:46.284,15.3975,log-2
topic_normal,12:27:53.567,8.9575,log-2
topic_normal,12:27:55.768,17.2311,log-2
topic_normal,12:27:56.578,9.3081,log-2
topic_normal,12:28:02.212,11.1501,log-2
topic_normal,12:28:04.621,17.8547,log-2
topic_normal,12:28:12.415,8.5504,log-2
topic_normal,12:28:14.936,21.0114,log-2
topic_normal,12:28:21.706,14.5313,log-2
topic_normal,12:28:29.834,10.622,log-2
topic_normal,12:28:30.436,12.5537,log-2
topic_normal,12:28:31.533,8.4433,log-2
topic_normal,12:28:39.645,19.0082,log-2
topic_normal,12:28:39.912,16.8593,log-2
topic_normal,12:28:50.140,9.3991,log-2
topic_normal,12:28:50.224,19.3085,log-2
topic_normal,12:28:59.646,9.3232,log-2
topic_normal,12:29:00.147,10.9814,log-2
topic_normal,12:29:09.033,22.1016,log-2
topic_normal,12:29:10.522,26.8178,log-2
topic_normal,12:29:19.617,10.2385,log-2
topic_normal,12:29:19.638,9.8029,log-2
topic_normal,12:29:28.946,18.3688,log-2
topic_normal,12:29:29.358,19.9374,log-2
topic_normal,12:29:38.980,8.8059,log-2
topic_normal,12:29:40.490,10.0392,log-2
topic_normal,12:29:48.917,9.4003,log-2
topic_normal,12:29:49.747,9.9827,log-2
topic_normal,12:29:50.570,27.3521,log-2
topic_normal,12:30:00.220,14.1379,log-2
topic_normal,12:30:09.879,13.3581,log-2
topic_normal,12:30:12.477,23.8462,log-2
topic_normal,12:30:20.838,10.3848,log-2
topic_normal,12:30:22.837,10.2309,log-2
topic_normal,12:30:30.659,16.4289,log-2
topic_normal,12:30:31.606,11.1069,log-2
topic_normal,12:30:34.419,9.6732,log-2
topic_normal,12:30:42.318,16.0454,log-2
topic_normal,12:30:45.552,26.2984,log-2
topic_normal,12:30:54.769,10.9439,log-2
topic_normal,12:30:57.167,13.1299,log-2
topic_normal,12:31:05.677,18.0033,log-2
topic_normal,12:31:07.761,20.0364,log-2
topic_normal,12:31:14.209,19.5771,log-2
topic_normal,12:31:16.974,18.9409,log-2
topic_normal,12:31:19.451,12.3884,log-2
topic_normal,12:31:29.372,17.1752,log-2
topic_normal,12:31:30.379,18.0148,log-2
topic_normal,12:31:43.060,11.5341,log-2
topic_normal,12:31:43.124,24.0797,log-2
topic_normal,12:31:54.388,18.6583,log-2
topic_normal,12:31:59.995,12.5571,log-2
topic_normal,12:32:06.749,16.1026,log-2
topic_normal,12:32:18.180,11.4645,log-2
topic_normal,12:32:29.911,19.4121,log-2
topic_normal,12:32:30.248,19.1962,log-2
topic_normal,12:32:43.166,10.5591,log-2
topic_normal,12:32:48.037,11.5958,log-2
topic_normal,12:32:55.821,14.8587,log-2
topic_normal,12:32:56.261,16.6441,log-2
topic_normal,12:33:06.852,14.5066,log-2
topic_normal,12:33:06.901,14.7075,log-2
topic_normal,12:33:19.971,10.5577,log-2
topic_normal,12:33:20.501,16.9283,log-2
topic_normal,12:33:32.403,10.4734,log-2
topic_normal,12:33:32.984,28.375,log-2
topic_normal,12:33:38.901,10.3777,log-2
topic_normal,12:33:44.930,18.1068,log-2
topic_normal,12:33:59.305,11.7998,log-2
topic_normal,12:33:59.596,10.8847,log-2
topic_normal,12:34:13.020,10.8212,log-2
topic_normal,12:34:13.349,11.5328,log-2
topic_normal,12:34:26.418,22.4443,log-2
topic_normal,12:34:26.818,11.6113,log-2
topic_normal,12:34:33.129,10.7572,log-2
topic_normal,12:34:39.248,10.7817,log-2
topic_normal,12:34:39.952,29.6312,log-2
topic_normal,12:34:52.743,15.1872,log-2
topic_normal,12:35:05.378,16.7437,log-2
topic_normal,12:35:05.399,10.9811,log-2
topic_normal,12:35:18.051,12.0845,log-2
topic_normal,12:35:18.449,11.7928,log-2
topic_normal,12:35:29.345,25.1245,log-2
topic_normal,12:35:31.037,18.9309,log-2
topic_normal,12:35:45.754,13.0771,log-2
topic_normal,12:35:46.017,18.246,log-2
topic_normal,12:36:02.075,24.1528,log-2
topic_normal,12:36:19.038,39.6558,log-2
topic_normal,12:36:19.924,12.3472,log-2
topic_normal,12:36:28.619,14.9336,log-2
topic_normal,12:36:33.301,20.4887,log-2
topic_normal,12:36:34.017,22.3578,log-2
topic_normal,12:36:48.396,23.5089,log-2
topic_normal,12:36:48.807,11.36,log-2
topic_normal,12:37:01.958,20.3073,log-2
topic_normal,12:37:02.543,11.7005,log-2
topic_normal,12:37:18.534,19.1824,log-2
topic_normal,12:37:18.611,25.7313,log-2
topic_normal,12:37:30.730,14.0736,log-2
topic_normal,12:37:32.896,16.5791,log-2
topic_normal,12:37:33.096,27.8281,log-2
topic_normal,12:37:47.808,20.8977,log-2
topic_normal,12:37:48.478,29.5273,log-2
topic_normal,12:38:03.291,19.36,log-2
topic_normal,12:38:03.918,16.5797,log-2
topic_normal,12:38:19.510,12.8888,log-2
topic_normal,12:38:19.891,12.0305,log-2
topic_normal,12:38:34.781,19.3138,log-2
topic_normal,12:38:35.482,29.42,log-2
topic_normal,12:38:35.832,11.5317,log-2
topic_normal,12:38:50.514,14.2411,log-2
topic_normal,12:38:50.940,13.9188,log-2
topic_normal,12:39:07.191,19.129,log-2
topic_normal,12:39:07.653,12.9618,log-2
topic_normal,12:39:23.021,19.3837,log-2
topic_normal,12:39:24.162,14.7114,log-2
topic_normal,12:39:40.528,16.5422,log-2
topic_normal,12:39:42.713,25.0817,log-2
topic_normal,12:39:45.561,11.5968,log-2
topic_normal,12:39:58.392,14.3033,log-2
topic_normal,12:40:17.188,13.1864,log-2
topic_normal,12:40:17.414,16.1816,log-2
topic_normal,12:40:35.482,15.1866,log-2
topic_normal,12:40:35.754,16.1821,log-2
topic_normal,12:40:53.019,12.6677,log-2
topic_normal,12:40:53.154,28.9842,log-2
topic_normal,12:40:58.688,25.0986,log-2
topic_normal,12:41:11.740,12.2275,log-2
topic_normal,12:41:11.934,45.8984,log-2
topic_normal,12:41:26.830,12.5736,log-2
topic_normal,12:41:27.384,34.3149,log-2
topic_normal,12:41:46.113,22.4104,log-2
topic_normal,12:41:46.300,27.3896,log-2
topic_normal,12:42:05.007,23.4388,log-2
topic_normal,12:42:05.372,16.3179,log-2
topic_normal,12:42:15.230,21.033,log-2
topic_normal,12:42:22.181,21.812,log-2
topic_normal,12:42:22.433,19.1977,log-2
topic_normal,12:42:41.811,19.9806,log-2
topic_normal,12:43:09.090,34.6203,log-2
topic_normal,12:43:34.834,23.3835,log-2
topic_normal,12:43:43.463,20.5549,log-2
topic_normal,12:44:00.329,16.9984,log-2
topic_normal,12:44:04.361,20.8745,log-2
topic_normal,12:44:27.143,35.9408,log-2
topic_normal,12:44:52.737,15.6007,log-2
topic_normal,12:45:08.656,25.2845,log-2
topic_normal,12:45:21.010,15.5245,log-2
topic_normal,12:45:30.073,13.9996,log-2
topic_normal,12:45:46.552,35.9049,log-2
topic_normal,12:46:17.346,16.2146,log-2
topic_normal,12:46:37.708,14.265,log-2
topic_normal,12:46:59.907,17.2456,log-2
topic_normal,12:47:16.709,21.9947,log-2
topic_normal,12:47:44.267,33.4161,log-2
topic_normal,12:48:11.453,15.6651,log-2
topic_normal,12:48:15.738,27.5546,log-2
topic_normal,12:48:34.303,49.9376,log-2
topic_normal,12:48:47.427,23.4414,log-2
topic_normal,12:49:16.466,39.5163,log-2
topic_normal,12:49:46.163,22.4093,log-2
topic_normal,12:49:49.109,29.8989,log-2
topic_priority,12:21:52.731,762.6609,log-3
topic_priority,12:21:54.103,999.4944,log-3
topic_priority,12:21:55.151,1003.0863,log-3
topic_priority,12:21:56.694,9.2551,log-3
topic_priority,12:21:57.172,9.7733,log-3
topic_priority,12:21:58.125,9.5431,log-3
topic_priority,12:21:59.954,8.5647,log-3
topic_priority,12:22:02.784,8.7869,log-3
topic_priority,12:22:02.930,8.3125,log-3
topic_priority,12:22:05.029,8.467,log-3
topic_priority,12:22:07.287,13.3679,log-3
topic_priority,12:22:09.263,9.6292,log-3
topic_priority,12:22:09.613,9.2502,log-3
topic_priority,12:22:11.581,8.8248,log-3
topic_priority,12:22:13.182,7.2161,log-3
topic_priority,12:22:13.768,8.4003,log-3
topic_priority,12:22:16.423,7.2922,log-3
topic_priority,12:22:18.314,7.2312,log-3
topic_priority,12:22:20.574,9.0936,log-3
topic_priority,12:22:21.070,6.5173,log-3
topic_priority,12:22:24.100,7.0948,log-3
topic_priority,12:22:24.355,8.4619,log-3
topic_priority,12:22:24.489,7.582,log-3
topic_priority,12:22:26.465,8.4732,log-3
topic_priority,12:22:27.923,6.2297,log-3
topic_priority,12:22:28.238,6.3885,log-3
topic_priority,12:22:28.494,7.5509,log-3
topic_priority,12:22:30.448,7.8695,log-3
topic_priority,12:22:32.442,7.1194,log-3
topic_priority,12:22:34.381,6.9712,log-3
topic_priority,12:22:36.359,6.4513,log-3
topic_priority,12:22:36.583,8.3477,log-3
topic_priority,12:22:39.216,8.2048,log-3
topic_priority,12:22:39.492,8.0914,log-3
topic_priority,12:22:43.050,7.1106,log-3
topic_priority,12:22:46.124,6.7454,log-3
topic_priority,12:22:48.595,8.1512,log-3
topic_priority,12:22:49.433,6.228,log-3
topic_priority,12:22:51.397,9.0207,log-3
topic_priority,12:22:51.677,7.882,log-3
topic_priority,12:22:54.391,10.4749,log-3
topic_priority,12:22:57.654,7.0129,log-3
topic_priority,12:22:57.765,7.7959,log-3
topic_priority,12:22:57.947,11.8283,log-3
topic_priority,12:23:00.766,7.4014,log-3
topic_priority,12:23:03.489,7.1664,log-3
topic_priority,12:23:06.773,7.4609,log-3
topic_priority,12:23:07.077,10.0359,log-3
topic_priority,12:23:07.563,6.9698,log-3
topic_priority,12:23:09.722,7.4469,log-3
topic_priority,12:23:13.339,10.1774,log-3
topic_priority,12:23:17.029,10.7883,log-3
topic_priority,12:23:17.190,7.8701,log-3
topic_priority,12:23:17.292,9.1176,log-3
topic_priority,12:23:20.734,9.5799,log-3
topic_priority,12:23:22.349,8.6923,log-3
topic_priority,12:23:24.291,6.8897,log-3
topic_priority,12:23:27.151,7.1085,log-3
topic_priority,12:23:30.201,8.8727,log-3
topic_priority,12:23:31.549,6.7419,log-3
topic_priority,12:23:31.930,7.3566,log-3
topic_priority,12:23:33.363,8.8041,log-3
topic_priority,12:23:36.615,7.493,log-3
topic_priority,12:23:39.187,15.6156,log-3
topic_priority,12:23:39.931,10.7795,log-3
topic_priority,12:23:41.125,7.501,log-3
topic_priority,12:23:46.089,9.7184,log-3
topic_priority,12:23:47.641,7.7402,log-3
topic_priority,12:23:53.216,10.9866,log-3
topic_priority,12:23:55.568,7.6064,log-3
topic_priority,12:23:56.524,12.9083,log-3
topic_priority,12:23:57.215,7.7587,log-3
topic_priority,12:23:59.856,8.533,log-3
topic_priority,12:24:03.304,8.2872,log-3
topic_priority,12:24:06.750,10.2026,log-3
topic_priority,12:24:11.092,9.4771,log-3
topic_priority,12:24:11.740,7.7737,log-3
topic_priority,12:24:12.767,8.0771,log-3
topic_priority,12:24:15.096,14.4477,log-3
topic_priority,12:24:19.000,8.0414,log-3
topic_priority,12:24:22.532,7.9159,log-3
topic_priority,12:24:26.427,7.6354,log-3
topic_priority,12:24:28.190,11.336,log-3
topic_priority,12:24:29.845,8.9011,log-3
topic_priority,12:24:30.381,15.5716,log-3
topic_priority,12:24:34.621,7.7219,log-3
topic_priority,12:24:39.347,8.4265,log-3
topic_priority,12:24:43.858,8.4753,log-3
topic_priority,12:24:47.206,7.6591,log-3
topic_priority,12:24:48.466,9.1621,log-3
topic_priority,12:24:48.478,7.6531,log-3
topic_priority,12:24:53.191,12.419,log-3
topic_priority,12:24:53.977,13.2929,log-3
topic_priority,12:24:54.595,9.1462,log-3
topic_priority,12:24:57.595,10.1675,log-3
topic_priority,12:25:02.173,7.7983,log-3
topic_priority,12:25:05.600,7.1514,log-3
topic_priority,12:25:09.329,17.6044,log-3
topic_priority,12:25:13.113,9.2227,log-3
topic_priority,12:25:15.008,9.8464,log-3
topic_priority,12:25:15.060,15.5114,log-3
topic_priority,12:25:15.958,10.7054,log-3
topic_priority,12:25:20.102,22.0642,log-3
topic_priority,12:25:24.782,22.5606,log-3
topic_priority,12:25:28.909,15.8294,log-3
topic_priority,12:25:33.400,11.6115,log-3
topic_priority,12:25:33.756,10.9855,log-3
topic_priority,12:25:37.132,16.3871,log-3
topic_priority,12:25:38.611,7.4562,log-3
topic_priority,12:25:44.238,13.9315,log-3
topic_priority,12:25:48.814,11.4495,log-3
topic_priority,12:25:49.910,8.4771,log-3
topic_priority,12:25:50.221,14.3647,log-3
topic_priority,12:25:53.151,13.5722,log-3
topic_priority,12:25:57.354,8.7209,log-3
topic_priority,12:26:02.043,7.4562,log-3
topic_priority,12:26:08.171,15.5171,log-3
topic_priority,12:26:08.408,15.5992,log-3
topic_priority,12:26:10.996,10.6683,log-3
topic_priority,12:26:13.227,13.2552,log-3
topic_priority,12:26:18.808,8.4029,log-3
topic_priority,12:26:18.948,7.6777,log-3
topic_priority,12:26:23.565,20.8061,log-3
topic_priority,12:26:29.248,10.0375,log-3
topic_priority,12:26:32.385,22.2943,log-3
topic_priority,12:26:34.784,10.7232,log-3
topic_priority,12:26:39.656,11.5796,log-3
topic_priority,12:26:43.092,8.7361,log-3
topic_priority,12:26:46.461,15.9793,log-3
topic_priority,12:26:52.519,18.2778,log-3
topic_priority,12:26:57.697,9.9985,log-3
topic_priority,12:27:05.883,11.0054,log-3
topic_priority,12:27:08.204,10.1514,log-3
topic_priority,12:27:11.423,11.4039,log-3
topic_priority,12:27:17.023,11.3089,log-3
topic_priority,12:27:23.001,8.8787,log-3
topic_priority,12:27:25.002,14.8533,log-3
topic_priority,12:27:28.614,8.3156,log-3
topic_priority,12:27:33.611,34.9449,log-3
topic_priority,12:27:34.538,9.7169,log-3
topic_priority,12:27:38.517,15.4826,log-3
topic_priority,12:27:45.536,10.5156,log-3
topic_priority,12:27:50.814,8.9173,log-3
topic_priority,12:27:53.072,8.0319,log-3
topic_priority,12:27:57.075,14.9847,log-3
topic_priority,12:28:02.624,12.4117,log-3
topic_priority,12:28:03.391,8.7236,log-3
topic_priority,12:28:09.842,11.1766,log-3
topic_priority,12:28:15.415,11.0795,log-3
topic_priority,12:28:22.490,19.1759,log-3
topic_priority,12:28:23.495,8.3297,log-3
topic_priority,12:28:28.181,11.5501,log-3
topic_priority,12:28:31.738,11.3415,log-3
topic_priority,12:28:35.298,10.9678,log-3
topic_priority,12:28:47.049,9.5991,log-3
topic_priority,12:28:54.596,8.5233,log-3
topic_priority,12:29:03.198,16.519,log-3
topic_priority,12:29:06.910,65.7639,log-3
topic_priority,12:29:12.864,10.9001,log-3
topic_priority,12:29:20.731,11.8272,log-3
topic_priority,12:29:27.139,13.5629,log-3
topic_priority,12:29:27.804,15.6121,log-3
topic_priority,12:29:33.091,9.9943,log-3
topic_priority,12:29:35.452,15.4914,log-3
topic_priority,12:29:39.291,9.5215,log-3
topic_priority,12:29:47.274,8.8134,log-3
topic_priority,12:29:55.782,10.2867,log-3
topic_priority,12:30:02.575,9.7574,log-3
topic_priority,12:30:02.879,10.8113,log-3
topic_priority,12:30:10.045,10.5897,log-3
topic_priority,12:30:10.334,17.3922,log-3
topic_priority,12:30:17.865,11.4699,log-3
topic_priority,12:30:25.284,13.0781,log-3
topic_priority,12:30:33.303,9.4413,log-3
topic_priority,12:30:39.367,9.3965,log-3
topic_priority,12:30:41.724,16.6481,log-3
topic_priority,12:30:46.439,15.2072,log-3
topic_priority,12:30:49.310,13.5894,log-3
topic_priority,12:30:57.939,14.7539,log-3
topic_priority,12:31:01.560,15.4833,log-3
topic_priority,12:31:06.533,13.1325,log-3
topic_priority,12:31:14.651,13.1539,log-3
topic_priority,12:31:22.213,11.0987,log-3
topic_priority,12:31:25.198,10.306,log-3
topic_priority,12:31:29.463,13.5752,log-3
topic_priority,12:31:38.533,17.2677,log-3
topic_priority,12:31:40.815,18.4745,log-3
topic_priority,12:31:47.287,12.5291,log-3
topic_priority,12:31:56.448,12.3622,log-3
topic_priority,12:32:05.390,12.5094,log-3
topic_priority,12:32:05.563,14.1326,log-3
topic_priority,12:32:14.170,22.7525,log-3
topic_normal,12:21:56.212,12.3037,log-3
topic_normal,12:21:56.546,9.381,log-3
topic_normal,12:21:56.550,13.0335,log-3
topic_normal,12:21:58.662,9.3305,log-3
topic_normal,12:22:01.850,8.0754,log-3
topic_normal,12:22:05.751,8.4383,log-3
topic_normal,12:22:08.780,7.6088,log-3
topic_normal,12:22:09.025,7.6493,log-3
topic_normal,12:22:13.103,6.8314,log-3
topic_normal,12:22:15.157,9.4695,log-3
topic_normal,12:22:19.632,6.8924,log-3
topic_normal,12:22:24.202,8.0319,log-3
topic_normal,12:22:24.744,19.4886,log-3
topic_normal,12:22:25.385,7.0485,log-3
topic_normal,12:22:30.434,7.5512,log-3
topic_normal,12:22:35.916,9.9687,log-3
topic_normal,12:22:41.945,9.857,log-3
topic_normal,12:22:42.505,7.6363,log-3
topic_normal,12:22:43.284,7.0595,log-3
topic_normal,12:22:50.436,8.9708,log-3
topic_normal,12:22:56.291,7.3419,log-3
topic_normal,12:22:59.565,9.1418,log-3
topic_normal,12:23:02.873,6.8596,log-3
topic_normal,12:23:02.879,6.4884,log-3
topic_normal,12:23:11.044,9.9973,log-3
topic_normal,12:23:16.030,7.5009,log-3
topic_normal,12:23:18.113,6.9244,log-3
topic_normal,12:23:22.932,6.964,log-3
topic_normal,12:23:22.942,7.9325,log-3
topic_normal,12:23:29.767,8.1363,log-3
topic_normal,12:23:36.205,9.1841,log-3
topic_normal,12:23:37.136,7.0088,log-3
topic_normal,12:23:39.426,10.6334,log-3
topic_normal,12:23:43.325,10.9221,log-3
topic_normal,12:23:44.726,9.2228,log-3
topic_normal,12:23:49.733,11.1055,log-3
topic_normal,12:23:56.169,8.4907,log-3
topic_normal,12:23:59.855,7.6395,log-3
topic_normal,12:24:04.019,9.9834,log-3
topic_normal,12:24:06.973,11.5608,log-3
topic_normal,12:24:10.354,10.1725,log-3
topic_normal,12:24:17.339,12.8126,log-3
topic_normal,12:24:22.116,7.5352,log-3
topic_normal,12:24:23.581,9.8463,log-3
topic_normal,12:24:25.812,8.56,log-3
topic_normal,12:24:32.504,15.6856,log-3
topic_normal,12:24:32.999,9.1602,log-3
topic_normal,12:24:40.184,9.4545,log-3
topic_normal,12:24:42.952,8.5124,log-3
topic_normal,12:24:47.544,19.5426,log-3
topic_normal,12:24:53.673,12.9134,log-3
topic_normal,12:24:55.660,8.2082,log-3
topic_normal,12:25:02.044,7.4768,log-3
topic_normal,12:25:02.776,10.1363,log-3
topic_normal,12:25:02.996,8.9019,log-3
topic_normal,12:25:10.418,14.9099,log-3
topic_normal,12:25:18.537,12.7335,log-3
topic_normal,12:25:26.794,11.2838,log-3
topic_normal,12:25:28.064,7.3724,log-3
topic_normal,12:25:28.928,10.3387,log-3
topic_normal,12:25:34.422,13.0547,log-3
topic_normal,12:25:37.314,11.5263,log-3
topic_normal,12:25:43.891,15.2875,log-3
topic_normal,12:25:48.137,13.9941,log-3
topic_normal,12:25:58.219,19.8751,log-3
topic_normal,12:26:03.121,12.9976,log-3
topic_normal,12:26:05.495,7.2695,log-3
topic_normal,12:26:06.532,10.0852,log-3
topic_normal,12:26:06.639,13.3609,log-3
topic_normal,12:26:15.655,8.6964,log-3
topic_normal,12:26:23.897,14.3614,log-3
topic_normal,12:26:30.335,7.8998,log-3
topic_normal,12:26:31.808,13.8133,log-3
topic_normal,12:26:32.946,18.9854,log-3
topic_normal,12:26:42.342,21.2451,log-3
topic_normal,12:26:51.012,9.473,log-3
topic_normal,12:26:59.266,9.9864,log-3
topic_normal,12:27:01.103,9.6581,log-3
topic_normal,12:27:01.961,10.2389,log-3
topic_normal,12:27:10.081,8.5368,log-3
topic_normal,12:27:18.758,19.5646,log-3
topic_normal,12:27:22.012,10.4062,log-3
topic_normal,12:27:26.428,16.0452,log-3
topic_normal,12:27:33.596,17.3522,log-3
topic_normal,12:27:35.505,9.684,log-3
topic_normal,12:27:44.149,9.8755,log-3
topic_normal,12:27:53.579,11.4461,log-3
topic_normal,12:27:55.106,9.9725,log-3
topic_normal,12:28:02.221,11.229,log-3
topic_normal,12:28:06.668,8.1634,log-3
topic_normal,12:28:12.425,9.992,log-3
topic_normal,12:28:21.715,8.9727,log-3
topic_normal,12:28:29.846,13.5353,log-3
topic_normal,12:28:30.429,8.6179,log-3
topic_normal,12:28:39.664,17.7755,log-3
topic_normal,12:28:41.988,9.6864,log-3
topic_normal,12:28:50.150,10.4822,log-3
topic_normal,12:28:59.655,8.8457,log-3
topic_normal,12:29:07.501,15.7678,log-3
topic_normal,12:29:10.533,16.6608,log-3
topic_normal,12:29:18.315,11.2209,log-3
topic_normal,12:29:19.625,9.7188,log-3
topic_normal,12:29:29.402,54.3054,log-3
topic_normal,12:29:40.500,11.9961,log-3
topic_normal,12:29:46.819,9.3551,log-3
topic_normal,12:29:50.588,24.1236,log-3
topic_normal,12:29:56.941,15.2954,log-3
topic_normal,12:30:12.485,15.267,log-3
topic_normal,12:30:22.850,14.4821,log-3
topic_normal,12:30:28.200,11.3903,log-3
topic_normal,12:30:34.429,11.0744,log-3
topic_normal,12:30:37.193,17.3644,log-3
topic_normal,12:30:45.551,15.3788,log-3
topic_normal,12:30:57.179,15.8051,log-3
topic_normal,12:31:07.790,26.1334,log-3
topic_normal,12:31:11.878,11.7395,log-3
topic_normal,12:31:19.458,9.7733,log-3
topic_normal,12:31:19.469,12.7266,log-3
topic_normal,12:31:30.394,18.9209,log-3
topic_normal,12:31:43.129,13.6597,log-3
topic_normal,12:31:54.397,13.5417,log-3
topic_normal,12:31:57.682,15.5104,log-3
topic_normal,12:32:04.928,18.0848,log-3
topic_normal,12:32:18.187,9.7829,log-3
topic_normal,12:32:29.936,26.4124,log-3
topic_normal,12:32:43.177,12.3738,log-3
topic_normal,12:32:46.322,14.863,log-3
topic_normal,12:32:52.328,13.0532,log-3
topic_normal,12:32:56.273,15.7639,log-3
topic_normal,12:33:06.857,9.1006,log-3
topic_normal,12:33:20.516,13.8535,log-3
topic_normal,12:33:32.992,19.9374,log-3
topic_normal,12:33:36.421,9.5412,log-3
topic_normal,12:33:42.528,13.0478,log-3
topic_normal,12:33:59.313,10.3635,log-3
topic_normal,12:34:13.031,12.6051,log-3
topic_normal,12:34:26.436,20.1842,log-3
topic_normal,12:34:30.173,10.7152,log-3
topic_normal,12:34:34.715,21.2837,log-3
topic_normal,12:34:39.260,13.0286,log-3
topic_normal,12:34:52.756,18.5346,log-3
topic_normal,12:35:05.411,13.9285,log-3
topic_normal,12:35:18.459,12.9391,log-3
topic_normal,12:35:26.441,12.0562,log-3
topic_normal,12:35:29.821,13.8852,log-3
topic_normal,12:35:31.048,12.2262,log-3
topic_normal,12:35:46.026,14.7057,log-3
topic_normal,12:36:19.940,16.3713,log-3
topic_normal,12:36:25.876,11.0136,log-3
topic_normal,12:36:28.435,14.5382,log-3
topic_normal,12:36:34.027,17.9896,log-3
topic_normal,12:36:48.819,13.1034,log-3
topic_normal,12:37:02.558,11.6471,log-3
topic_normal,12:37:18.544,15.0548,log-3
topic_normal,12:37:27.939,19.5092,log-3
topic_normal,12:37:29.802,19.4193,log-3
topic_normal,12:37:33.115,17.2106,log-3
topic_normal,12:37:48.491,23.5096,log-3
topic_normal,12:38:03.928,13.8732,log-3
topic_normal,12:38:19.902,14.2036,log-3
topic_normal,12:38:32.996,11.5196,log-3
topic_normal,12:38:34.784,25.8861,log-3
topic_normal,12:38:35.499,22.3136,log-3
topic_normal,12:38:50.952,13.8525,log-3
topic_normal,12:39:07.669,16.7036,log-3
topic_normal,12:39:24.175,14.8632,log-3
topic_normal,12:39:42.052,12.7552,log-3
topic_normal,12:39:42.725,17.9139,log-3
topic_normal,12:39:43.055,18.0785,log-3
topic_normal,12:40:17.202,12.7204,log-3
topic_normal,12:40:35.490,13.1477,log-3
topic_normal,12:40:53.035,14.2289,log-3
topic_normal,12:40:54.359,22.6445,log-3
topic_normal,12:40:54.375,17.3303,log-3
topic_normal,12:41:11.756,17.9858,log-3
topic_normal,12:41:26.860,31.2229,log-3
topic_normal,12:41:46.311,22.9826,log-3
topic_normal,12:42:05.382,15.1816,log-3
topic_normal,12:42:09.451,21.7388,log-3
topic_normal,12:42:10.892,16.1229,log-3
topic_normal,12:42:22.199,20.6474,log-3
topic_normal,12:43:09.098,20.129,log-3
topic_normal,12:43:09.857,12.8226,log-3
topic_normal,12:43:34.862,17.2004,log-3
topic_normal,12:43:35.929,24.7886,log-3
topic_normal,12:44:00.343,17.6958,log-3
topic_normal,12:44:01.963,40.9042,log-3
topic_normal,12:44:27.169,21.3931,log-3
topic_normal,12:44:29.627,13.359,log-3
topic_normal,12:44:52.754,15.739,log-3
topic_normal,12:44:55.137,68.675,log-3
topic_normal,12:45:21.035,22.3015,log-3
topic_normal,12:45:23.419,16.4997,log-3
topic_normal,12:45:46.568,22.1375,log-3
topic_normal,12:45:49.556,21.9098,log-3
topic_normal,12:46:17.359,14.4426,log-3
topic_normal,12:46:20.710,19.4297,log-3
topic_normal,12:46:45.955,17.2598,log-3
topic_normal,12:46:50.206,21.7175,log-3
topic_normal,12:47:16.761,54.6646,log-3
topic_normal,12:47:19.881,14.0732,log-3
topic_normal,12:47:44.271,19.5288,log-3
topic_normal,12:47:47.165,35.3084,log-3
topic_normal,12:48:15.747,23.4873,log-3
topic_normal,12:48:16.513,77.2296,log-3
topic_normal,12:48:47.450,19.2897,log-3
topic_normal,12:48:48.805,15.7576,log-3
topic_normal,12:49:16.488,26.8015,log-3
topic_normal,12:49:17.965,32.9764,log-3
topic_normal,12:49:46.173,17.8508,log-3
topic_normal,12:49:47.983,19.9168,log-3
topic_priority,12:21:54.705,1009.2444,log-4
topic_priority,12:21:54.801,1000.979,log-4
topic_priority,12:21:55.102,953.7884,log-4
topic_priority,12:21:56.715,9.1029,log-4
topic_priority,12:21:56.840,7.1061,log-4
topic_priority,12:21:58.138,10.2174,log-4
topic_priority,12:21:59.686,8.981,log-4
topic_priority,12:22:02.695,11.5222,log-4
topic_priority,12:22:02.799,7.4953,log-4
topic_priority,12:22:04.783,7.6667,log-4
topic_priority,12:22:07.032,10.3986,log-4
topic_priority,12:22:08.244,7.9722,log-4
topic_priority,12:22:09.007,6.6971,log-4
topic_priority,12:22:11.325,7.4489,log-4
topic_priority,12:22:12.895,6.2434,log-4
topic_priority,12:22:13.501,7.2738,log-4
topic_priority,12:22:16.175,7.8131,log-4
topic_priority,12:22:18.046,6.9914,log-4
topic_priority,12:22:18.301,8.1464,log-4
topic_priority,12:22:20.323,10.7876,log-4
topic_priority,12:22:24.086,7.4038,log-4
topic_priority,12:22:24.372,8.1261,log-4
topic_priority,12:22:27.939,6.2245,log-4
topic_priority,12:22:29.444,6.9044,log-4
topic_priority,12:22:31.387,6.3748,log-4
topic_priority,12:22:39.474,7.6595,log-4
topic_priority,12:22:40.647,6.5642,log-4
topic_priority,12:22:42.800,6.9509,log-4
topic_priority,12:22:45.869,6.6518,log-4
topic_priority,12:22:48.339,7.6644,log-4
topic_priority,12:22:51.418,8.7588,log-4
topic_priority,12:22:51.662,8.4792,log-4
topic_priority,12:22:52.918,8.672,log-4
topic_priority,12:22:54.132,7.1847,log-4
topic_priority,12:22:57.668,7.1958,log-4
topic_priority,12:22:57.698,6.6107,log-4
topic_priority,12:22:57.772,6.8024,log-4
topic_priority,12:23:00.512,7.5897,log-4
topic_priority,12:23:03.237,6.4012,log-4
topic_priority,12:23:06.518,7.2067,log-4
topic_priority,12:23:07.086,10.8069,log-4
topic_priority,12:23:07.578,7.48,log-4
topic_priority,12:23:09.467,7.0187,log-4
topic_priority,12:23:13.095,7.9026,log-4
topic_priority,12:23:17.033,6.5049,log-4
topic_priority,12:23:17.044,9.8858,log-4
topic_priority,12:23:17.208,8.373,log-4
topic_priority,12:23:20.748,9.0245,log-4
topic_priority,12:23:22.364,7.0565,log-4
topic_priority,12:23:31.295,6.5754,log-4
topic_priority,12:23:31.943,7.2643,log-4
topic_priority,12:23:34.830,8.4659,log-4
topic_priority,12:23:41.140,7.9077,log-4
topic_priority,12:23:43.536,18.007,log-4
topic_priority,12:23:46.115,11.5448,log-4
topic_priority,12:23:47.183,7.6753,log-4
topic_priority,12:23:50.333,13.2697,log-4
topic_priority,12:23:50.631,8.5995,log-4
topic_priority,12:23:56.550,12.6205,log-4
topic_priority,12:23:56.591,12.8511,log-4
topic_priority,12:23:57.224,9.235,log-4
topic_priority,12:23:59.750,7.9762,log-4
topic_priority,12:24:03.083,7.926,log-4
topic_priority,12:24:07.104,8.7891,log-4
topic_priority,12:24:11.173,10.236,log-4
topic_priority,12:24:11.749,9.5525,log-4
topic_priority,12:24:12.762,14.1529,log-4
topic_priority,12:24:15.354,9.5444,log-4
topic_priority,12:24:18.858,7.8515,log-4
topic_priority,12:24:29.465,8.0852,log-4
topic_priority,12:24:29.867,9.5919,log-4
topic_priority,12:24:36.113,7.6217,log-4
topic_priority,12:24:44.187,14.5005,log-4
topic_priority,12:24:47.561,30.7856,log-4
topic_priority,12:24:48.116,8.4038,log-4
topic_priority,12:24:48.499,7.3811,log-4
topic_priority,12:24:53.539,15.7333,log-4
topic_priority,12:24:54.007,12.877,log-4
topic_priority,12:24:54.601,8.2553,log-4
topic_priority,12:24:57.440,7.9115,log-4
topic_priority,12:25:01.468,7.4737,log-4
topic_priority,12:25:05.008,16.7485,log-4
topic_priority,12:25:09.597,8.4796,log-4
topic_priority,12:25:13.253,7.3508,log-4
topic_priority,12:25:14.324,8.1054,log-4
topic_priority,12:25:15.088,9.1515,log-4
topic_priority,12:25:15.970,10.2564,log-4
topic_priority,12:25:20.390,8.4466,log-4
topic_priority,12:25:33.732,22.2307,log-4
topic_priority,12:25:36.071,11.6125,log-4
topic_priority,12:25:41.820,9.0345,log-4
topic_priority,12:25:48.104,23.7483,log-4
topic_priority,12:25:49.924,7.8845,log-4
topic_priority,12:25:50.236,14.3667,log-4
topic_priority,12:25:52.427,18.5981,log-4
topic_priority,12:25:56.631,10.0016,log-4
topic_priority,12:26:01.328,15.5872,log-4
topic_priority,12:26:07.672,7.8671,log-4
topic_priority,12:26:08.183,16.0202,log-4
topic_priority,12:26:11.021,9.8664,log-4
topic_priority,12:26:12.498,11.1025,log-4
topic_priority,12:26:18.088,11.8163,log-4
topic_priority,12:26:18.962,7.7834,log-4
topic_priority,12:26:31.243,10.0476,log-4
topic_priority,12:26:43.131,15.0604,log-4
topic_priority,12:26:43.136,11.6912,log-4
topic_priority,12:26:45.257,17.4935,log-4
topic_priority,12:26:51.306,12.7745,log-4
topic_priority,12:26:55.484,8.6721,log-4
topic_priority,12:26:56.481,8.2198,log-4
topic_priority,12:27:02.462,12.2027,log-4
topic_priority,12:27:07.453,8.9707,log-4
topic_priority,12:27:08.682,14.4574,log-4
topic_priority,12:27:13.554,8.6629,log-4
topic_priority,12:27:19.199,15.9678,log-4
topic_priority,12:27:21.765,15.6727,log-4
topic_priority,12:27:34.788,7.9739,log-4
topic_priority,12:27:46.046,15.3928,log-4
topic_priority,12:27:49.142,10.4515,log-4
topic_priority,12:27:51.152,8.1718,log-4
topic_priority,12:27:56.856,15.2275,log-4
topic_priority,12:28:03.376,8.611,log-4
topic_priority,12:28:03.405,10.8513,log-4
topic_priority,12:28:09.472,11.6973,log-4
topic_priority,12:28:15.146,9.5531,log-4
topic_priority,12:28:17.308,8.3131,log-4
topic_priority,12:28:33.010,13.0997,log-4
topic_priority,12:28:45.255,22.9397,log-4
topic_priority,12:28:46.783,8.2183,log-4
topic_priority,12:28:48.032,12.1827,log-4
topic_priority,12:28:53.815,10.9559,log-4
topic_priority,12:29:00.928,12.5658,log-4
topic_priority,12:29:04.455,17.3136,log-4
topic_priority,12:29:07.596,9.7559,log-4
topic_priority,12:29:14.991,9.1802,log-4
topic_priority,12:29:19.401,16.1903,log-4
topic_priority,12:29:36.738,15.5693,log-4
topic_priority,12:29:41.407,14.9347,log-4
topic_priority,12:29:49.566,9.6317,log-4
topic_priority,12:29:52.561,13.327,log-4
topic_priority,12:29:57.409,16.0356,log-4
topic_priority,12:30:04.881,10.4813,log-4
topic_priority,12:30:11.405,20.914,log-4
topic_priority,12:30:11.838,11.9409,log-4
topic_priority,12:30:18.836,15.0289,log-4
topic_priority,12:30:28.014,14.0029,log-4
topic_priority,12:30:41.465,9.9542,log-4
topic_priority,12:30:47.780,17.4922,log-4
topic_priority,12:30:49.265,9.121,log-4
topic_priority,12:30:57.665,20.608,log-4
topic_priority,12:31:01.573,10.6348,log-4
topic_priority,12:31:06.061,15.5806,log-4
topic_priority,12:31:14.509,10.6546,log-4
topic_priority,12:31:26.520,11.538,log-4
topic_priority,12:31:39.996,14.8598,log-4
topic_priority,12:31:47.263,20.2873,log-4
topic_priority,12:31:56.275,12.3458,log-4
topic_priority,12:32:05.413,11.0947,log-4
topic_priority,12:32:06.712,9.887,log-4
topic_priority,12:32:14.203,15.6751,log-4
topic_priority,12:32:20.196,9.7695,log-4
topic_normal,12:21:56.524,10.1878,log-4
topic_normal,12:21:56.530,9.8368,log-4
topic_normal,12:21:56.538,8.9485,log-4
topic_normal,12:21:56.833,7.875,log-4
topic_normal,12:22:00.398,8.5667,log-4
topic_normal,12:22:03.931,7.3773,log-4
topic_normal,12:22:07.218,8.2954,log-4
topic_normal,12:22:09.038,6.9382,log-4
topic_normal,12:22:12.319,6.6487,log-4
topic_normal,12:22:12.537,7.1024,log-4
topic_normal,12:22:17.197,7.6867,log-4
topic_normal,12:22:25.237,6.8712,log-4
topic_normal,12:22:28.905,7.2255,log-4
topic_normal,12:22:33.853,6.5921,log-4
topic_normal,12:22:42.397,9.2645,log-4
topic_normal,12:22:43.768,6.9646,log-4
topic_normal,12:22:46.233,7.0778,log-4
topic_normal,12:22:50.004,7.2752,log-4
topic_normal,12:22:56.409,7.8091,log-4
topic_normal,12:22:59.520,9.0136,log-4
topic_normal,12:23:03.625,7.0668,log-4
topic_normal,12:23:04.447,6.7875,log-4
topic_normal,12:23:11.428,8.5771,log-4
topic_normal,12:23:16.758,7.104,log-4
topic_normal,12:23:17.543,7.6202,log-4
topic_normal,12:23:23.517,8.1141,log-4
topic_normal,12:23:36.187,7.805,log-4
topic_normal,12:23:36.633,7.2693,log-4
topic_normal,12:23:39.449,11.6794,log-4
topic_normal,12:23:43.838,9.5804,log-4
topic_normal,12:23:44.248,22.1833,log-4
topic_normal,12:23:59.833,7.4818,log-4
topic_normal,12:24:00.347,7.4049,log-4
topic_normal,12:24:05.884,8.9359,log-4
topic_normal,12:24:07.343,11.7065,log-4
topic_normal,12:24:13.909,8.9522,log-4
topic_normal,12:24:22.435,7.6179,log-4
topic_normal,12:24:28.669,10.2116,log-4
topic_normal,12:24:32.528,8.5238,log-4
topic_normal,12:24:36.056,9.4101,log-4
topic_normal,12:24:42.961,8.3238,log-4
topic_normal,12:24:44.567,13.7948,log-4
topic_normal,12:24:51.190,8.5988,log-4
topic_normal,12:24:55.853,9.3276,log-4
topic_normal,12:24:57.896,10.4826,log-4
topic_normal,12:25:02.782,9.1666,log-4
topic_normal,12:25:03.012,8.2501,log-4
topic_normal,12:25:07.187,7.2466,log-4
topic_normal,12:25:14.319,7.638,log-4
topic_normal,12:25:28.429,13.0311,log-4
topic_normal,12:25:28.433,9.2064,log-4
topic_normal,12:25:39.813,10.7036,log-4
topic_normal,12:25:43.917,14.8994,log-4
topic_normal,12:25:52.217,10.1833,log-4
topic_normal,12:25:55.070,7.8408,log-4
topic_normal,12:26:01.239,12.0786,log-4
topic_normal,12:26:03.142,10.9675,log-4
topic_normal,12:26:06.541,8.3645,log-4
topic_normal,12:26:09.665,9.6456,log-4
topic_normal,12:26:19.008,9.5128,log-4
topic_normal,12:26:31.300,8.2406,log-4
topic_normal,12:26:34.714,17.0425,log-4
topic_normal,12:26:45.545,12.6484,log-4
topic_normal,12:26:54.333,8.6512,log-4
topic_normal,12:27:00.604,9.2541,log-4
topic_normal,12:27:03.417,10.2777,log-4
topic_normal,12:27:05.123,12.8181,log-4
topic_normal,12:27:12.449,9.2128,log-4
topic_normal,12:27:21.075,8.5141,log-4
topic_normal,12:27:32.017,9.1226,log-4
topic_normal,12:27:36.572,11.7207,log-4
topic_normal,12:27:46.301,10.4232,log-4
topic_normal,12:27:56.597,9.3762,log-4
topic_normal,12:28:04.643,12.0576,log-4
topic_normal,12:28:05.668,10.1782,log-4
topic_normal,12:28:10.264,8.4229,log-4
topic_normal,12:28:14.974,28.6421,log-4
topic_normal,12:28:40.469,10.77,log-4
topic_normal,12:28:46.173,14.7721,log-4
topic_normal,12:28:50.135,10.1037,log-4
topic_normal,12:28:50.242,14.9197,log-4
topic_normal,12:29:00.165,10.0412,log-4
topic_normal,12:29:16.806,16.9495,log-4
topic_normal,12:29:19.654,8.6859,log-4
topic_normal,12:29:23.319,11.7218,log-4
topic_normal,12:29:49.764,9.4022,log-4
topic_normal,12:29:55.289,9.2584,log-4
topic_normal,12:30:00.238,12.1134,log-4
topic_normal,12:30:02.915,9.7084,log-4
topic_normal,12:30:09.898,13.4693,log-4
topic_normal,12:30:20.855,9.9644,log-4
topic_normal,12:30:35.475,19.1776,log-4
topic_normal,12:30:42.343,9.8834,log-4
topic_normal,12:30:44.744,30.9346,log-4
topic_normal,12:30:54.787,11.4916,log-4
topic_normal,12:31:05.706,16.1216,log-4
topic_normal,12:31:16.994,12.8935,log-4
topic_normal,12:31:18.486,9.1165,log-4
topic_normal,12:31:27.917,17.6302,log-4
topic_normal,12:31:43.081,13.6374,log-4
topic_normal,12:32:04.260,16.8253,log-4
topic_normal,12:32:06.773,15.722,log-4
topic_normal,12:32:13.120,18.839,log-4
topic_normal,12:32:51.686,13.4335,log-4
topic_normal,12:32:54.185,12.4225,log-4
topic_normal,12:32:55.875,37.0701,log-4
topic_normal,12:33:00.352,17.5726,log-4
topic_normal,12:33:06.915,10.3919,log-4
topic_normal,12:33:19.993,13.1819,log-4
topic_normal,12:33:42.084,18.446,log-4
topic_normal,12:33:44.953,14.2556,log-4
topic_normal,12:33:50.576,11.9265,log-4
topic_normal,12:33:59.615,10.1001,log-4
topic_normal,12:34:13.367,10.4301,log-4
topic_normal,12:34:34.432,20.2735,log-4
topic_normal,12:34:43.962,15.5683,log-4
topic_normal,12:35:05.396,15.2998,log-4
topic_normal,12:35:18.069,10.3611,log-4
topic_normal,12:35:30.172,28.1713,log-4
topic_normal,12:35:39.095,14.037,log-4
topic_normal,12:35:45.777,13.8174,log-4
topic_normal,12:36:02.110,26.5855,log-4
topic_normal,12:36:19.071,14.0512,log-4
topic_normal,12:36:28.463,10.5148,log-4
topic_normal,12:36:37.571,11.4954,log-4
topic_normal,12:36:48.424,13.737,log-4
topic_normal,12:37:01.983,13.5034,log-4
topic_normal,12:37:18.641,18.0946,log-4
topic_normal,12:37:29.876,13.094,log-4
topic_normal,12:37:38.655,15.5643,log-4
topic_normal,12:37:47.833,14.7888,log-4
topic_normal,12:38:03.315,13.757,log-4
topic_normal,12:38:19.531,12.1911,log-4
topic_normal,12:38:34.161,14.3057,log-4
topic_normal,12:38:43.901,21.0152,log-4
topic_normal,12:38:50.534,12.2039,log-4
topic_normal,12:39:07.212,15.2594,log-4
topic_normal,12:39:42.258,12.4824,log-4
topic_normal,12:39:52.237,15.5999,log-4
topic_normal,12:39:58.412,12.6003,log-4
topic_normal,12:40:17.450,18.1886,log-4
topic_normal,12:40:53.191,25.4439,log-4
topic_normal,12:40:53.650,17.2892,log-4
topic_normal,12:41:04.756,22.9441,log-4
topic_normal,12:41:11.963,40.3022,log-4
topic_normal,12:41:46.151,14.5623,log-4
topic_normal,12:42:05.028,15.7945,log-4
topic_normal,12:42:08.848,13.422,log-4
topic_normal,12:42:20.133,15.3744,log-4
topic_normal,12:42:41.841,14.8096,log-4
topic_normal,12:43:09.111,16.8771,log-4
topic_normal,12:43:09.890,13.3492,log-4
topic_normal,12:43:35.984,27.1518,log-4
topic_normal,12:44:00.353,13.8145,log-4
topic_normal,12:44:01.992,17.9547,log-4
topic_normal,12:44:29.653,13.9209,log-4
topic_normal,12:44:52.767,17.0248,log-4
topic_normal,12:44:55.197,14.9996,log-4
topic_normal,12:45:21.043,15.934,log-4
topic_normal,12:45:46.583,17.9129,log-4
topic_normal,12:45:49.584,17.5498,log-4
topic_normal,12:46:17.370,12.615,log-4
topic_normal,12:46:20.746,18.0099,log-4
topic_normal,12:46:50.245,19.4548,log-4
topic_normal,12:47:16.768,22.7674,log-4
topic_normal,12:47:19.911,18.9791,log-4
topic_normal,12:47:44.282,15.1321,log-4
topic_normal,12:47:47.191,17.7871,log-4
topic_normal,12:48:16.528,19.3648,log-4
topic_normal,12:48:47.468,20.9933,log-4
topic_normal,12:48:48.839,15.0902,log-4
topic_normal,12:49:18.004,25.8207,log-4
topic_normal,12:49:46.199,24.6347,log-4
topic_normal,12:49:48.022,25.9062,log-4
