Topic,Time,ConsumerCount,FileId
topic_priority,10:42:08.752,1,log-1
topic_priority,10:42:11.748,2,log-1
topic_priority,10:42:12.387,3,log-1
topic_priority,10:42:13.300,4,log-1
topic_priority,10:42:14.952,5,log-1
topic_priority,10:42:15.942,6,log-1
topic_priority,10:42:17.066,9,log-1
topic_priority,10:42:17.614,10,log-1
topic_priority,10:42:18.397,11,log-1
topic_priority,10:42:19.166,12,log-1
topic_priority,10:42:19.886,13,log-1
topic_priority,10:42:20.847,14,log-1
topic_priority,10:42:21.721,17,log-1
topic_priority,10:42:22.957,18,log-1
topic_priority,10:42:23.997,21,log-1
topic_priority,10:42:25.038,22,log-1
topic_priority,10:42:26.210,23,log-1
topic_priority,10:42:27.081,25,log-1
topic_priority,10:42:27.791,26,log-1
topic_priority,10:42:28.368,29,log-1
topic_priority,10:42:29.461,30,log-1
topic_priority,10:42:30.412,31,log-1
topic_priority,10:42:31.286,33,log-1
topic_priority,10:42:31.819,34,log-1
topic_priority,10:42:32.502,35,log-1
topic_priority,10:42:33.166,37,log-1
topic_priority,10:42:33.777,38,log-1
topic_priority,10:42:34.609,39,log-1
topic_priority,10:42:36.159,41,log-1
topic_priority,10:42:38.217,42,log-1
topic_priority,10:42:39.927,43,log-1
topic_priority,10:42:41.729,44,log-1
topic_priority,10:42:43.786,45,log-1
topic_priority,10:42:45.386,46,log-1
topic_priority,10:42:47.488,47,log-1
topic_priority,10:42:49.058,48,log-1
topic_priority,10:42:50.490,49,log-1
topic_priority,10:42:52.067,50,log-1
topic_priority,10:42:53.913,51,log-1
topic_priority,10:42:55.067,52,log-1
topic_priority,10:42:56.866,53,log-1
topic_priority,10:42:58.409,54,log-1
topic_priority,10:42:59.598,55,log-1
topic_priority,10:43:00.808,56,log-1
topic_priority,10:43:01.849,57,log-1
topic_priority,10:43:03.547,58,log-1
topic_priority,10:43:04.357,59,log-1
topic_priority,10:43:05.786,60,log-1
topic_priority,10:43:06.568,61,log-1
topic_priority,10:43:07.919,62,log-1
topic_priority,10:43:08.509,63,log-1
topic_priority,10:43:09.507,64,log-1
topic_priority,10:43:10.589,65,log-1
topic_priority,10:43:11.456,66,log-1
topic_priority,10:43:12.407,67,log-1
topic_priority,10:43:13.412,68,log-1
topic_priority,10:43:14.386,69,log-1
topic_priority,10:43:15.645,71,log-1
topic_priority,10:43:16.729,73,log-1
topic_priority,10:43:17.666,76,log-1
topic_priority,10:43:18.641,77,log-1
topic_priority,10:43:19.558,78,log-1
topic_priority,10:43:20.616,81,log-1
topic_priority,10:43:21.423,82,log-1
topic_priority,10:43:22.527,83,log-1
topic_priority,10:43:23.140,86,log-1
topic_priority,10:43:23.886,87,log-1
topic_priority,10:43:24.757,88,log-1
topic_priority,10:43:25.281,89,log-1
topic_priority,10:43:25.776,90,log-1
topic_priority,10:43:26.217,91,log-1
topic_priority,10:43:26.961,92,log-1
topic_priority,10:43:27.818,93,log-1
topic_priority,10:43:28.787,94,log-1
topic_priority,10:43:29.371,96,log-1
topic_priority,10:43:30.327,97,log-1
topic_priority,10:43:30.926,98,log-1
topic_priority,10:43:31.656,99,log-1
topic_priority,10:43:32.289,101,log-1
topic_priority,10:43:32.826,103,log-1
topic_priority,10:43:33.556,104,log-1
topic_priority,10:43:33.930,105,log-1
topic_priority,10:43:34.957,106,log-1
topic_priority,10:43:35.836,107,log-1
topic_priority,10:43:36.996,108,log-1
topic_priority,10:43:38.027,109,log-1
topic_priority,10:43:39.116,111,log-1
topic_priority,10:43:40.917,112,log-1
topic_priority,10:43:42.519,113,log-1
topic_priority,10:43:44.136,114,log-1
topic_priority,10:43:45.456,115,log-1
topic_priority,10:43:47.139,116,log-1
topic_priority,10:43:48.968,117,log-1
topic_priority,10:43:50.698,118,log-1
topic_priority,10:43:52.668,119,log-1
topic_priority,10:43:54.353,120,log-1
topic_priority,10:43:56.683,121,log-1
topic_priority,10:43:58.421,122,log-1
topic_priority,10:44:00.739,123,log-1
topic_priority,10:44:02.136,124,log-1
topic_priority,10:44:04.226,125,log-1
topic_priority,10:44:06.178,126,log-1
topic_priority,10:44:07.966,127,log-1
topic_priority,10:44:09.559,128,log-1
topic_priority,10:44:11.256,129,log-1
topic_priority,10:44:13.027,130,log-1
topic_priority,10:44:14.146,131,log-1
topic_priority,10:44:15.713,132,log-1
topic_priority,10:44:17.218,133,log-1
topic_priority,10:44:18.949,134,log-1
topic_priority,10:44:20.417,135,log-1
topic_priority,10:44:21.227,136,log-1
topic_priority,10:44:22.387,137,log-1
topic_priority,10:44:24.131,138,log-1
topic_priority,10:44:25.316,139,log-1
topic_priority,10:44:26.197,140,log-1
topic_priority,10:44:27.409,141,log-1
topic_priority,10:44:28.406,142,log-1
topic_priority,10:44:29.007,143,log-1
topic_priority,10:44:29.991,144,log-1
topic_priority,10:44:30.720,145,log-1
topic_priority,10:44:32.007,146,log-1
topic_priority,10:44:32.828,147,log-1
topic_priority,10:44:33.758,148,log-1
topic_priority,10:44:34.707,149,log-1
topic_priority,10:44:35.726,150,log-1
topic_priority,10:44:36.098,153,log-1
topic_priority,10:44:37.006,154,log-1
topic_priority,10:44:37.776,155,log-1
topic_priority,10:44:38.898,156,log-1
topic_priority,10:44:39.564,157,log-1
topic_priority,10:44:40.397,158,log-1
topic_priority,10:44:41.318,160,log-1
topic_priority,10:44:42.451,161,log-1
topic_priority,10:44:43.000,162,log-1
topic_priority,10:44:43.807,163,log-1
topic_priority,10:44:44.372,166,log-1
topic_priority,10:44:45.511,167,log-1
topic_priority,10:44:46.717,168,log-1
topic_priority,10:44:47.376,169,log-1
topic_priority,10:44:48.457,172,log-1
topic_priority,10:44:49.397,173,log-1
topic_priority,10:44:50.336,174,log-1
topic_priority,10:44:51.178,175,log-1
topic_priority,10:44:51.980,176,log-1
topic_priority,10:44:53.006,178,log-1
topic_priority,10:44:53.936,180,log-1
topic_priority,10:44:55.041,181,log-1
topic_priority,10:44:56.105,182,log-1
topic_priority,10:44:56.702,184,log-1
topic_priority,10:44:57.686,187,log-1
topic_priority,10:44:58.620,188,log-1
topic_priority,10:44:59.303,189,log-1
topic_priority,10:45:00.486,190,log-1
topic_priority,10:45:01.169,191,log-1
topic_priority,10:45:02.086,192,log-1
topic_priority,10:45:02.851,193,log-1
topic_priority,10:45:04.246,194,log-1
topic_priority,10:45:06.376,195,log-1
topic_priority,10:45:08.120,196,log-1
topic_priority,10:45:09.817,197,log-1
topic_priority,10:45:11.390,198,log-1
topic_priority,10:45:13.077,199,log-1
topic_priority,10:45:15.257,200,log-1
topic_priority,10:45:17.114,201,log-1
topic_priority,10:45:19.146,202,log-1
topic_priority,10:45:20.829,203,log-1
topic_priority,10:45:23.108,204,log-1
topic_priority,10:45:24.837,205,log-1
topic_priority,10:45:26.696,206,log-1
topic_priority,10:45:28.358,207,log-1
topic_priority,10:45:30.367,208,log-1
topic_priority,10:45:31.477,209,log-1
topic_priority,10:45:33.110,210,log-1
topic_priority,10:45:35.108,211,log-1
topic_priority,10:45:36.178,212,log-1
topic_priority,10:45:37.879,213,log-1
topic_priority,10:45:39.448,214,log-1
topic_priority,10:45:40.668,215,log-1
topic_priority,10:45:42.009,216,log-1
topic_priority,10:45:43.300,217,log-1
topic_priority,10:45:44.329,218,log-1
topic_priority,10:45:45.578,219,log-1
topic_priority,10:45:46.559,220,log-1
topic_priority,10:45:47.629,221,log-1
topic_priority,10:45:48.677,222,log-1
topic_priority,10:45:49.900,223,log-1
topic_priority,10:45:50.886,224,log-1
topic_priority,10:45:51.998,225,log-1
topic_priority,10:45:52.937,226,log-1
topic_priority,10:45:53.928,227,log-1
topic_priority,10:45:54.960,229,log-1
topic_priority,10:45:56.175,230,log-1
topic_priority,10:45:56.806,232,log-1
topic_priority,10:45:57.669,233,log-1
topic_priority,10:45:58.166,234,log-1
topic_priority,10:45:58.992,235,log-1
topic_priority,10:45:59.648,237,log-1
topic_priority,10:46:00.616,238,log-1
topic_priority,10:46:01.867,240,log-1
topic_priority,10:46:02.688,241,log-1
topic_priority,10:46:03.436,242,log-1
topic_priority,10:46:04.136,243,log-1
topic_priority,10:46:05.056,244,log-1
topic_priority,10:46:05.547,248,log-1
topic_priority,10:46:05.908,249,log-1
topic_priority,10:46:06.445,250,log-1
topic_priority,10:46:07.329,251,log-1
topic_priority,10:46:07.977,252,log-1
topic_priority,10:46:08.795,253,log-1
topic_priority,10:46:09.360,254,log-1
topic_priority,10:46:10.236,255,log-1
topic_priority,10:46:11.325,256,log-1
topic_priority,10:46:11.901,257,log-1
topic_priority,10:46:13.134,258,log-1
topic_priority,10:46:13.768,259,log-1
topic_priority,10:46:14.446,260,log-1
topic_priority,10:46:15.316,261,log-1
topic_priority,10:46:16.249,264,log-1
topic_priority,10:46:17.381,265,log-1
topic_priority,10:46:18.316,266,log-1
topic_priority,10:46:19.097,267,log-1
topic_priority,10:46:19.885,268,log-1
topic_priority,10:46:20.615,269,log-1
topic_priority,10:46:21.626,272,log-1
topic_priority,10:46:23.160,273,log-1
topic_priority,10:46:24.946,274,log-1
topic_priority,10:46:26.827,275,log-1
topic_priority,10:46:28.467,276,log-1
topic_priority,10:46:29.946,277,log-1
topic_priority,10:46:32.188,278,log-1
topic_priority,10:46:33.777,279,log-1
topic_priority,10:46:35.437,280,log-1
topic_priority,10:46:37.947,281,log-1
topic_priority,10:46:39.936,282,log-1
topic_priority,10:46:41.866,283,log-1
topic_priority,10:46:43.785,284,log-1
topic_priority,10:46:45.470,285,log-1
topic_priority,10:46:47.286,286,log-1
topic_priority,10:46:49.142,287,log-1
topic_priority,10:46:50.560,288,log-1
topic_priority,10:46:52.059,289,log-1
topic_priority,10:46:53.859,290,log-1
topic_priority,10:46:55.662,291,log-1
topic_priority,10:46:56.732,292,log-1
topic_priority,10:46:58.727,293,log-1
topic_priority,10:46:59.707,294,log-1
topic_priority,10:47:01.469,295,log-1
topic_priority,10:47:02.574,296,log-1
topic_priority,10:47:04.047,297,log-1
topic_priority,10:47:05.079,298,log-1
topic_priority,10:47:06.160,299,log-1
topic_priority,10:47:07.467,300,log-1
topic_normal,10:42:08.752,1,log-1
topic_normal,10:42:09.518,2,log-1
topic_normal,10:42:10.458,3,log-1
topic_normal,10:42:11.268,4,log-1
topic_normal,10:42:12.321,5,log-1
topic_normal,10:42:13.208,6,log-1
topic_normal,10:42:14.327,7,log-1
topic_normal,10:42:15.284,9,log-1
topic_normal,10:42:15.972,10,log-1
topic_normal,10:42:16.737,11,log-1
topic_normal,10:42:17.366,12,log-1
topic_normal,10:42:18.317,13,log-1
topic_normal,10:42:19.146,19,log-1
topic_normal,10:42:20.331,20,log-1
topic_normal,10:42:21.277,21,log-1
topic_normal,10:42:22.366,22,log-1
topic_normal,10:42:23.380,23,log-1
topic_normal,10:42:24.141,24,log-1
topic_normal,10:42:24.851,29,log-1
topic_normal,10:42:25.840,30,log-1
topic_normal,10:42:26.627,31,log-1
topic_normal,10:42:27.778,32,log-1
topic_normal,10:42:28.906,33,log-1
topic_normal,10:42:29.590,34,log-1
topic_normal,10:42:30.571,35,log-1
topic_normal,10:42:31.237,36,log-1
topic_normal,10:42:31.800,37,log-1
topic_normal,10:42:32.631,38,log-1
topic_normal,10:42:33.728,39,log-1
topic_normal,10:42:34.687,40,log-1
topic_normal,10:42:35.893,41,log-1
topic_normal,10:42:37.788,42,log-1
topic_normal,10:42:39.946,43,log-1
topic_normal,10:42:41.653,44,log-1
topic_normal,10:42:43.839,45,log-1
topic_normal,10:42:45.518,46,log-1
topic_normal,10:42:47.054,47,log-1
topic_normal,10:42:48.719,48,log-1
topic_normal,10:42:50.668,49,log-1
topic_normal,10:42:51.929,50,log-1
topic_normal,10:42:53.816,51,log-1
topic_normal,10:42:55.457,52,log-1
topic_normal,10:42:56.758,53,log-1
topic_normal,10:42:58.056,54,log-1
topic_normal,10:42:59.199,55,log-1
topic_normal,10:43:01.006,56,log-1
topic_normal,10:43:01.909,57,log-1
topic_normal,10:43:03.440,58,log-1
topic_normal,10:43:04.327,59,log-1
topic_normal,10:43:05.776,60,log-1
topic_normal,10:43:06.462,61,log-1
topic_normal,10:43:07.556,62,log-1
topic_normal,10:43:08.741,63,log-1
topic_normal,10:43:09.207,64,log-1
topic_normal,10:43:10.257,65,log-1
topic_normal,10:43:11.360,66,log-1
topic_normal,10:43:12.336,67,log-1
topic_normal,10:43:13.267,68,log-1
topic_normal,10:43:14.559,69,log-1
topic_normal,10:43:15.556,70,log-1
topic_normal,10:43:16.673,71,log-1
topic_normal,10:43:17.326,72,log-1
topic_normal,10:43:18.012,77,log-1
topic_normal,10:43:18.800,78,log-1
topic_normal,10:43:19.626,79,log-1
topic_normal,10:43:20.286,80,log-1
topic_normal,10:43:21.084,81,log-1
topic_normal,10:43:21.903,82,log-1
topic_normal,10:43:22.272,85,log-1
topic_normal,10:43:22.859,86,log-1
topic_normal,10:43:23.557,87,log-1
topic_normal,10:43:24.658,88,log-1
topic_normal,10:43:25.357,89,log-1
topic_normal,10:43:26.236,90,log-1
topic_normal,10:43:27.221,91,log-1
topic_normal,10:43:28.573,92,log-1
topic_normal,10:43:29.227,93,log-1
topic_normal,10:43:29.806,94,log-1
topic_normal,10:43:30.337,95,log-1
topic_normal,10:43:30.881,96,log-1
topic_normal,10:43:31.767,97,log-1
topic_normal,10:43:32.580,98,log-1
topic_normal,10:43:33.607,99,log-1
topic_normal,10:43:34.446,100,log-1
topic_normal,10:43:35.557,101,log-1
topic_normal,10:43:36.538,108,log-1
topic_normal,10:43:37.166,109,log-1
topic_normal,10:43:38.366,110,log-1
topic_normal,10:43:39.369,111,log-1
topic_normal,10:43:40.888,112,log-1
topic_normal,10:43:42.114,113,log-1
topic_normal,10:43:43.666,114,log-1
topic_normal,10:43:45.408,115,log-1
topic_normal,10:43:47.037,116,log-1
topic_normal,10:43:48.913,117,log-1
topic_normal,10:43:50.478,118,log-1
topic_normal,10:43:52.709,119,log-1
topic_normal,10:43:54.353,120,log-1
topic_normal,10:43:56.672,121,log-1
topic_normal,10:43:58.177,122,log-1
topic_normal,10:44:00.359,123,log-1
topic_normal,10:44:02.409,124,log-1
topic_normal,10:44:04.298,125,log-1
topic_normal,10:44:05.984,126,log-1
topic_normal,10:44:07.778,127,log-1
topic_normal,10:44:09.657,128,log-1
topic_normal,10:44:10.877,129,log-1
topic_normal,10:44:12.532,130,log-1
topic_normal,10:44:14.138,131,log-1
topic_normal,10:44:15.980,132,log-1
topic_normal,10:44:17.546,133,log-1
topic_normal,10:44:18.457,134,log-1
topic_normal,10:44:19.716,135,log-1
topic_normal,10:44:21.561,136,log-1
topic_normal,10:44:22.852,137,log-1
topic_normal,10:44:23.827,138,log-1
topic_normal,10:44:25.139,139,log-1
topic_normal,10:44:26.236,140,log-1
topic_normal,10:44:26.936,141,log-1
topic_normal,10:44:28.017,142,log-1
topic_normal,10:44:28.850,143,log-1
topic_normal,10:44:30.250,144,log-1
topic_normal,10:44:31.170,145,log-1
topic_normal,10:44:32.196,146,log-1
topic_normal,10:44:33.136,147,log-1
topic_normal,10:44:33.967,148,log-1
topic_normal,10:44:34.598,149,log-1
topic_normal,10:44:35.687,151,log-1
topic_normal,10:44:36.397,152,log-1
topic_normal,10:44:37.478,153,log-1
topic_normal,10:44:38.137,154,log-1
topic_normal,10:44:38.587,155,log-1
topic_normal,10:44:39.357,156,log-1
topic_normal,10:44:40.181,157,log-1
topic_normal,10:44:40.878,158,log-1
topic_normal,10:44:41.746,162,log-1
topic_normal,10:44:42.318,163,log-1
topic_normal,10:44:43.360,164,log-1
topic_normal,10:44:44.560,165,log-1
topic_normal,10:44:45.427,166,log-1
topic_normal,10:44:46.406,167,log-1
topic_normal,10:44:47.299,173,log-1
topic_normal,10:44:48.676,174,log-1
topic_normal,10:44:49.425,175,log-1
topic_normal,10:44:50.629,176,log-1
topic_normal,10:44:51.756,177,log-1
topic_normal,10:44:52.639,178,log-1
topic_normal,10:44:53.702,179,log-1
topic_normal,10:44:54.707,184,log-1
topic_normal,10:44:55.258,185,log-1
topic_normal,10:44:56.246,186,log-1
topic_normal,10:44:57.630,187,log-1
topic_normal,10:44:58.214,188,log-1
topic_normal,10:44:59.446,189,log-1
topic_normal,10:45:00.080,190,log-1
topic_normal,10:45:00.985,191,log-1
topic_normal,10:45:01.706,192,log-1
topic_normal,10:45:02.546,193,log-1
topic_normal,10:45:04.636,194,log-1
topic_normal,10:45:06.332,195,log-1
topic_normal,10:45:07.966,196,log-1
topic_normal,10:45:09.489,197,log-1
topic_normal,10:45:11.143,198,log-1
topic_normal,10:45:13.266,199,log-1
topic_normal,10:45:15.062,200,log-1
topic_normal,10:45:17.055,201,log-1
topic_normal,10:45:18.788,202,log-1
topic_normal,10:45:21.116,203,log-1
topic_normal,10:45:22.887,204,log-1
topic_normal,10:45:24.806,205,log-1
topic_normal,10:45:26.518,206,log-1
topic_normal,10:45:28.577,207,log-1
topic_normal,10:45:29.739,208,log-1
topic_normal,10:45:31.422,209,log-1
topic_normal,10:45:33.457,210,log-1
topic_normal,10:45:34.588,211,log-1
topic_normal,10:45:36.335,212,log-1
topic_normal,10:45:37.958,213,log-1
topic_normal,10:45:39.217,214,log-1
topic_normal,10:45:40.610,215,log-1
topic_normal,10:45:41.966,216,log-1
topic_normal,10:45:43.051,217,log-1
topic_normal,10:45:44.337,218,log-1
topic_normal,10:45:45.368,219,log-1
topic_normal,10:45:46.499,220,log-1
topic_normal,10:45:47.596,221,log-1
topic_normal,10:45:48.857,222,log-1
topic_normal,10:45:49.900,223,log-1
topic_normal,10:45:50.568,224,log-1
topic_normal,10:45:51.556,225,log-1
topic_normal,10:45:52.388,226,log-1
topic_normal,10:45:53.518,227,log-1
topic_normal,10:45:54.296,228,log-1
topic_normal,10:45:54.815,229,log-1
topic_normal,10:45:55.509,230,log-1
topic_normal,10:45:56.306,231,log-1
topic_normal,10:45:57.310,232,log-1
topic_normal,10:45:57.809,235,log-1
topic_normal,10:45:58.424,236,log-1
topic_normal,10:45:59.277,237,log-1
topic_normal,10:45:59.997,238,log-1
topic_normal,10:46:00.556,239,log-1
topic_normal,10:46:01.556,240,log-1
topic_normal,10:46:02.265,241,log-1
topic_normal,10:46:02.716,242,log-1
topic_normal,10:46:03.229,245,log-1
topic_normal,10:46:03.965,246,log-1
topic_normal,10:46:05.207,247,log-1
topic_normal,10:46:06.056,248,log-1
topic_normal,10:46:06.786,249,log-1
topic_normal,10:46:07.335,250,log-1
topic_normal,10:46:08.166,251,log-1
topic_normal,10:46:09.208,252,log-1
topic_normal,10:46:09.676,253,log-1
topic_normal,10:46:10.815,254,log-1
topic_normal,10:46:11.346,255,log-1
topic_normal,10:46:12.027,256,log-1
topic_normal,10:46:12.797,257,log-1
topic_normal,10:46:13.627,258,log-1
topic_normal,10:46:14.770,261,log-1
topic_normal,10:46:15.596,262,log-1
topic_normal,10:46:16.286,263,log-1
topic_normal,10:46:17.071,264,log-1
topic_normal,10:46:17.696,265,log-1
topic_normal,10:46:18.207,266,log-1
topic_normal,10:46:18.594,267,log-1
topic_normal,10:46:19.272,268,log-1
topic_normal,10:46:20.447,269,log-1
topic_normal,10:46:21.377,270,log-1
topic_normal,10:46:22.106,271,log-1
topic_normal,10:46:23.048,272,log-1
topic_normal,10:46:23.825,273,log-1
topic_normal,10:46:24.689,274,log-1
topic_normal,10:46:26.898,275,log-1
topic_normal,10:46:28.590,276,log-1
topic_normal,10:46:30.319,277,log-1
topic_normal,10:46:32.142,278,log-1
topic_normal,10:46:33.811,279,log-1
topic_normal,10:46:35.740,280,log-1
topic_normal,10:46:37.780,281,log-1
topic_normal,10:46:39.499,282,log-1
topic_normal,10:46:41.309,283,log-1
topic_normal,10:46:43.409,284,log-1
topic_normal,10:46:45.521,285,log-1
topic_normal,10:46:46.889,286,log-1
topic_normal,10:46:49.192,287,log-1
topic_normal,10:46:50.467,288,log-1
topic_normal,10:46:52.528,289,log-1
topic_normal,10:46:53.928,290,log-1
topic_normal,10:46:55.717,291,log-1
topic_normal,10:46:57.037,292,log-1
topic_normal,10:46:58.416,293,log-1
topic_normal,10:47:00.031,294,log-1
topic_normal,10:47:01.416,295,log-1
topic_normal,10:47:02.638,296,log-1
topic_normal,10:47:03.683,297,log-1
topic_normal,10:47:04.818,298,log-1
topic_normal,10:47:06.017,299,log-1
topic_normal,10:47:07.291,300,log-1
topic_priority,10:42:08.621,1,log-2
topic_priority,10:42:11.748,2,log-2
topic_priority,10:42:12.388,3,log-2
topic_priority,10:42:13.299,4,log-2
topic_priority,10:42:14.141,5,log-2
topic_priority,10:42:15.588,6,log-2
topic_priority,10:42:16.566,9,log-2
topic_priority,10:42:17.109,10,log-2
topic_priority,10:42:17.939,11,log-2
topic_priority,10:42:18.668,12,log-2
topic_priority,10:42:19.389,13,log-2
topic_priority,10:42:20.337,14,log-2
topic_priority,10:42:21.217,15,log-2
topic_priority,10:42:22.458,17,log-2
topic_priority,10:42:23.396,18,log-2
topic_priority,10:42:24.536,21,log-2
topic_priority,10:42:25.709,22,log-2
topic_priority,10:42:26.412,25,log-2
topic_priority,10:42:27.288,26,log-2
topic_priority,10:42:28.117,27,log-2
topic_priority,10:42:28.960,29,log-2
topic_priority,10:42:30.106,30,log-2
topic_priority,10:42:30.777,33,log-2
topic_priority,10:42:31.468,34,log-2
topic_priority,10:42:31.997,35,log-2
topic_priority,10:42:32.657,36,log-2
topic_priority,10:42:33.384,37,log-2
topic_priority,10:42:34.107,38,log-2
topic_priority,10:42:35.210,39,log-2
topic_priority,10:42:36.213,41,log-2
topic_priority,10:42:37.974,42,log-2
topic_priority,10:42:39.830,43,log-2
topic_priority,10:42:41.927,44,log-2
topic_priority,10:42:43.579,45,log-2
topic_priority,10:42:45.730,46,log-2
topic_priority,10:42:47.357,47,log-2
topic_priority,10:42:48.827,48,log-2
topic_priority,10:42:50.456,49,log-2
topic_priority,10:42:52.357,50,log-2
topic_priority,10:42:53.561,51,log-2
topic_priority,10:42:55.407,52,log-2
topic_priority,10:42:56.997,53,log-2
topic_priority,10:42:58.249,54,log-2
topic_priority,10:42:59.498,55,log-2
topic_priority,10:43:00.587,56,log-2
topic_priority,10:43:02.347,57,log-2
topic_priority,10:43:03.204,58,log-2
topic_priority,10:43:04.678,59,log-2
topic_priority,10:43:05.517,60,log-2
topic_priority,10:43:06.908,61,log-2
topic_priority,10:43:07.551,62,log-2
topic_priority,10:43:08.597,63,log-2
topic_priority,10:43:09.729,64,log-2
topic_priority,10:43:10.148,65,log-2
topic_priority,10:43:11.146,66,log-2
topic_priority,10:43:12.202,67,log-2
topic_priority,10:43:13.127,68,log-2
topic_priority,10:43:14.008,69,log-2
topic_priority,10:43:15.202,71,log-2
topic_priority,10:43:16.046,73,log-2
topic_priority,10:43:17.007,74,log-2
topic_priority,10:43:17.769,75,log-2
topic_priority,10:43:18.753,76,log-2
topic_priority,10:43:19.753,78,log-2
topic_priority,10:43:20.706,81,log-2
topic_priority,10:43:21.526,82,log-2
topic_priority,10:43:22.421,83,log-2
topic_priority,10:43:23.194,86,log-2
topic_priority,10:43:23.612,87,log-2
topic_priority,10:43:24.506,88,log-2
topic_priority,10:43:25.310,89,log-2
topic_priority,10:43:26.009,91,log-2
topic_priority,10:43:26.807,92,log-2
topic_priority,10:43:27.793,93,log-2
topic_priority,10:43:28.312,94,log-2
topic_priority,10:43:29.157,96,log-2
topic_priority,10:43:29.817,97,log-2
topic_priority,10:43:30.506,98,log-2
topic_priority,10:43:31.076,99,log-2
topic_priority,10:43:31.621,101,log-2
topic_priority,10:43:32.346,102,log-2
topic_priority,10:43:33.168,103,log-2
topic_priority,10:43:34.456,104,log-2
topic_priority,10:43:35.337,106,log-2
topic_priority,10:43:36.136,107,log-2
topic_priority,10:43:37.134,108,log-2
topic_priority,10:43:37.656,109,log-2
topic_priority,10:43:39.408,111,log-2
topic_priority,10:43:40.970,112,log-2
topic_priority,10:43:42.529,113,log-2
topic_priority,10:43:43.799,114,log-2
topic_priority,10:43:45.417,115,log-2
topic_priority,10:43:47.217,116,log-2
topic_priority,10:43:48.887,117,log-2
topic_priority,10:43:50.810,118,log-2
topic_priority,10:43:52.450,119,log-2
topic_priority,10:43:54.725,120,log-2
topic_priority,10:43:56.413,121,log-2
topic_priority,10:43:58.789,122,log-2
topic_priority,10:44:00.228,123,log-2
topic_priority,10:44:02.366,124,log-2
topic_priority,10:44:04.368,125,log-2
topic_priority,10:44:06.207,126,log-2
topic_priority,10:44:07.852,127,log-2
topic_priority,10:44:09.598,128,log-2
topic_priority,10:44:11.426,129,log-2
topic_priority,10:44:12.586,130,log-2
topic_priority,10:44:14.198,131,log-2
topic_priority,10:44:15.759,132,log-2
topic_priority,10:44:17.539,133,log-2
topic_priority,10:44:19.057,134,log-2
topic_priority,10:44:19.926,135,log-2
topic_priority,10:44:21.127,136,log-2
topic_priority,10:44:22.921,137,log-2
topic_priority,10:44:24.167,138,log-2
topic_priority,10:44:25.091,139,log-2
topic_priority,10:44:26.350,140,log-2
topic_priority,10:44:27.407,141,log-2
topic_priority,10:44:28.048,142,log-2
topic_priority,10:44:29.078,143,log-2
topic_priority,10:44:29.860,144,log-2
topic_priority,10:44:31.208,145,log-2
topic_priority,10:44:32.072,146,log-2
topic_priority,10:44:33.049,147,log-2
topic_priority,10:44:33.947,148,log-2
topic_priority,10:44:35.167,149,log-2
topic_priority,10:44:35.688,150,log-2
topic_priority,10:44:36.657,153,log-2
topic_priority,10:44:37.416,154,log-2
topic_priority,10:44:38.428,155,log-2
topic_priority,10:44:39.147,156,log-2
topic_priority,10:44:39.897,157,log-2
topic_priority,10:44:40.816,160,log-2
topic_priority,10:44:41.841,161,log-2
topic_priority,10:44:42.287,162,log-2
topic_priority,10:44:43.096,163,log-2
topic_priority,10:44:43.866,164,log-2
topic_priority,10:44:45.006,166,log-2
topic_priority,10:44:45.821,167,log-2
topic_priority,10:44:46.418,168,log-2
topic_priority,10:44:47.456,169,log-2
topic_priority,10:44:48.388,172,log-2
topic_priority,10:44:49.776,173,log-2
topic_priority,10:44:50.577,174,log-2
topic_priority,10:44:51.816,175,log-2
topic_priority,10:44:53.005,178,log-2
topic_priority,10:44:53.938,180,log-2
topic_priority,10:44:55.042,181,log-2
topic_priority,10:44:56.105,182,log-2
topic_priority,10:44:56.701,184,log-2
topic_priority,10:44:57.686,187,log-2
topic_priority,10:44:58.620,188,log-2
topic_priority,10:44:59.304,189,log-2
topic_priority,10:45:00.486,190,log-2
topic_priority,10:45:01.172,191,log-2
topic_priority,10:45:02.086,192,log-2
topic_priority,10:45:02.847,193,log-2
topic_priority,10:45:04.246,194,log-2
topic_priority,10:45:06.376,195,log-2
topic_priority,10:45:08.118,196,log-2
topic_priority,10:45:09.817,197,log-2
topic_priority,10:45:11.391,198,log-2
topic_priority,10:45:13.078,199,log-2
topic_priority,10:45:15.259,200,log-2
topic_priority,10:45:17.106,201,log-2
topic_priority,10:45:19.146,202,log-2
topic_priority,10:45:20.829,203,log-2
topic_priority,10:45:23.105,204,log-2
topic_priority,10:45:24.837,205,log-2
topic_priority,10:45:26.697,206,log-2
topic_priority,10:45:28.358,207,log-2
topic_priority,10:45:30.372,208,log-2
topic_priority,10:45:31.477,209,log-2
topic_priority,10:45:33.114,210,log-2
topic_priority,10:45:35.106,211,log-2
topic_priority,10:45:36.178,212,log-2
topic_priority,10:45:37.877,213,log-2
topic_priority,10:45:39.448,214,log-2
topic_priority,10:45:40.666,215,log-2
topic_priority,10:45:42.009,216,log-2
topic_priority,10:45:43.300,217,log-2
topic_priority,10:45:44.332,218,log-2
topic_priority,10:45:45.578,219,log-2
topic_priority,10:45:46.557,220,log-2
topic_priority,10:45:47.626,221,log-2
topic_priority,10:45:48.677,222,log-2
topic_priority,10:45:49.896,223,log-2
topic_priority,10:45:50.876,224,log-2
topic_priority,10:45:51.999,225,log-2
topic_priority,10:45:52.936,226,log-2
topic_priority,10:45:53.926,227,log-2
topic_priority,10:45:54.961,229,log-2
topic_priority,10:45:56.175,230,log-2
topic_priority,10:45:56.805,232,log-2
topic_priority,10:45:57.666,233,log-2
topic_priority,10:45:58.166,234,log-2
topic_priority,10:45:58.992,235,log-2
topic_priority,10:45:59.647,237,log-2
topic_priority,10:46:00.622,238,log-2
topic_priority,10:46:01.867,240,log-2
topic_priority,10:46:02.687,241,log-2
topic_priority,10:46:03.437,242,log-2
topic_priority,10:46:04.135,243,log-2
topic_priority,10:46:05.056,244,log-2
topic_priority,10:46:05.547,248,log-2
topic_priority,10:46:05.909,249,log-2
topic_priority,10:46:06.446,250,log-2
topic_priority,10:46:07.331,251,log-2
topic_priority,10:46:07.976,252,log-2
topic_priority,10:46:08.795,253,log-2
topic_priority,10:46:09.359,254,log-2
topic_priority,10:46:10.235,255,log-2
topic_priority,10:46:11.316,256,log-2
topic_priority,10:46:11.900,257,log-2
topic_priority,10:46:13.128,258,log-2
topic_priority,10:46:13.767,259,log-2
topic_priority,10:46:14.446,260,log-2
topic_priority,10:46:15.327,261,log-2
topic_priority,10:46:16.246,264,log-2
topic_priority,10:46:17.383,265,log-2
topic_priority,10:46:18.316,266,log-2
topic_priority,10:46:19.097,267,log-2
topic_priority,10:46:19.892,268,log-2
topic_priority,10:46:20.616,269,log-2
topic_priority,10:46:21.634,272,log-2
topic_priority,10:46:23.165,273,log-2
topic_priority,10:46:24.952,274,log-2
topic_priority,10:46:26.827,275,log-2
topic_priority,10:46:28.470,276,log-2
topic_priority,10:46:29.946,277,log-2
topic_priority,10:46:32.188,278,log-2
topic_priority,10:46:33.776,279,log-2
topic_priority,10:46:35.439,280,log-2
topic_priority,10:46:37.946,281,log-2
topic_priority,10:46:39.939,282,log-2
topic_priority,10:46:41.867,283,log-2
topic_priority,10:46:43.791,284,log-2
topic_priority,10:46:45.473,285,log-2
topic_priority,10:46:47.288,286,log-2
topic_priority,10:46:49.142,287,log-2
topic_priority,10:46:50.560,288,log-2
topic_priority,10:46:52.060,289,log-2
topic_priority,10:46:53.858,290,log-2
topic_priority,10:46:55.657,291,log-2
topic_priority,10:46:56.731,292,log-2
topic_priority,10:46:58.729,293,log-2
topic_priority,10:46:59.707,294,log-2
topic_priority,10:47:01.466,295,log-2
topic_priority,10:47:02.567,296,log-2
topic_priority,10:47:04.046,297,log-2
topic_priority,10:47:05.076,298,log-2
topic_priority,10:47:06.156,299,log-2
topic_priority,10:47:07.470,300,log-2
topic_normal,10:42:08.621,1,log-2
topic_normal,10:42:09.414,2,log-2
topic_normal,10:42:10.458,3,log-2
topic_normal,10:42:11.268,4,log-2
topic_normal,10:42:12.323,5,log-2
topic_normal,10:42:13.207,6,log-2
topic_normal,10:42:14.332,7,log-2
topic_normal,10:42:15.278,9,log-2
topic_normal,10:42:15.968,10,log-2
topic_normal,10:42:16.739,11,log-2
topic_normal,10:42:17.369,12,log-2
topic_normal,10:42:18.318,13,log-2
topic_normal,10:42:19.146,19,log-2
topic_normal,10:42:20.329,20,log-2
topic_normal,10:42:21.277,21,log-2
topic_normal,10:42:22.366,22,log-2
topic_normal,10:42:23.377,23,log-2
topic_normal,10:42:24.141,24,log-2
topic_normal,10:42:24.848,29,log-2
topic_normal,10:42:25.841,30,log-2
topic_normal,10:42:26.628,31,log-2
topic_normal,10:42:27.776,32,log-2
topic_normal,10:42:28.908,33,log-2
topic_normal,10:42:29.589,34,log-2
topic_normal,10:42:30.575,35,log-2
topic_normal,10:42:31.240,36,log-2
topic_normal,10:42:31.798,37,log-2
topic_normal,10:42:32.627,38,log-2
topic_normal,10:42:33.727,39,log-2
topic_normal,10:42:34.689,40,log-2
topic_normal,10:42:35.884,41,log-2
topic_normal,10:42:37.787,42,log-2
topic_normal,10:42:39.946,43,log-2
topic_normal,10:42:41.652,44,log-2
topic_normal,10:42:43.838,45,log-2
topic_normal,10:42:45.517,46,log-2
topic_normal,10:42:47.053,47,log-2
topic_normal,10:42:48.719,48,log-2
topic_normal,10:42:50.672,49,log-2
topic_normal,10:42:51.928,50,log-2
topic_normal,10:42:53.816,51,log-2
topic_normal,10:42:55.456,52,log-2
topic_normal,10:42:56.758,53,log-2
topic_normal,10:42:58.056,54,log-2
topic_normal,10:42:59.199,55,log-2
topic_normal,10:43:01.006,56,log-2
topic_normal,10:43:01.906,57,log-2
topic_normal,10:43:03.439,58,log-2
topic_normal,10:43:04.327,59,log-2
topic_normal,10:43:05.776,60,log-2
topic_normal,10:43:06.463,61,log-2
topic_normal,10:43:07.557,62,log-2
topic_normal,10:43:08.739,63,log-2
topic_normal,10:43:09.216,64,log-2
topic_normal,10:43:10.257,65,log-2
topic_normal,10:43:11.356,66,log-2
topic_normal,10:43:12.339,67,log-2
topic_normal,10:43:13.273,68,log-2
topic_normal,10:43:14.558,69,log-2
topic_normal,10:43:15.556,70,log-2
topic_normal,10:43:16.667,71,log-2
topic_normal,10:43:17.327,75,log-2
topic_normal,10:43:18.006,77,log-2
topic_normal,10:43:18.801,78,log-2
topic_normal,10:43:19.627,79,log-2
topic_normal,10:43:20.285,80,log-2
topic_normal,10:43:21.085,81,log-2
topic_normal,10:43:21.904,82,log-2
topic_normal,10:43:22.272,85,log-2
topic_normal,10:43:22.862,86,log-2
topic_normal,10:43:23.561,87,log-2
topic_normal,10:43:24.657,88,log-2
topic_normal,10:43:25.357,89,log-2
topic_normal,10:43:26.238,90,log-2
topic_normal,10:43:27.217,91,log-2
topic_normal,10:43:28.072,92,log-2
topic_normal,10:43:28.667,93,log-2
topic_normal,10:43:29.306,94,log-2
topic_normal,10:43:29.827,96,log-2
topic_normal,10:43:30.379,97,log-2
topic_normal,10:43:31.107,98,log-2
topic_normal,10:43:31.867,99,log-2
topic_normal,10:43:33.107,100,log-2
topic_normal,10:43:33.946,101,log-2
topic_normal,10:43:34.746,102,log-2
topic_normal,10:43:35.693,107,log-2
topic_normal,10:43:36.666,108,log-2
topic_normal,10:43:37.458,109,log-2
topic_normal,10:43:38.417,110,log-2
topic_normal,10:43:39.380,111,log-2
topic_normal,10:43:40.547,112,log-2
topic_normal,10:43:42.070,113,log-2
topic_normal,10:43:43.746,114,log-2
topic_normal,10:43:45.329,115,log-2
topic_normal,10:43:47.147,116,log-2
topic_normal,10:43:48.691,117,log-2
topic_normal,10:43:50.850,118,log-2
topic_normal,10:43:52.443,119,log-2
topic_normal,10:43:54.725,120,log-2
topic_normal,10:43:56.158,121,log-2
topic_normal,10:43:58.399,122,log-2
topic_normal,10:44:00.498,123,log-2
topic_normal,10:44:02.437,124,log-2
topic_normal,10:44:04.178,125,log-2
topic_normal,10:44:06.017,126,log-2
topic_normal,10:44:07.947,127,log-2
topic_normal,10:44:09.216,128,log-2
topic_normal,10:44:10.926,129,log-2
topic_normal,10:44:12.578,130,log-2
topic_normal,10:44:14.468,131,log-2
topic_normal,10:44:16.086,132,log-2
topic_normal,10:44:17.056,133,log-2
topic_normal,10:44:18.356,134,log-2
topic_normal,10:44:20.251,135,log-2
topic_normal,10:44:21.601,136,log-2
topic_normal,10:44:22.616,137,log-2
topic_normal,10:44:23.979,138,log-2
topic_normal,10:44:25.136,139,log-2
topic_normal,10:44:25.877,140,log-2
topic_normal,10:44:27.010,141,log-2
topic_normal,10:44:27.891,142,log-2
topic_normal,10:44:29.347,143,log-2
topic_normal,10:44:29.813,144,log-2
topic_normal,10:44:30.889,145,log-2
topic_normal,10:44:31.887,146,log-2
topic_normal,10:44:33.096,147,log-2
topic_normal,10:44:33.467,148,log-2
topic_normal,10:44:34.527,149,log-2
topic_normal,10:44:35.527,151,log-2
topic_normal,10:44:36.560,152,log-2
topic_normal,10:44:37.073,153,log-2
topic_normal,10:44:37.426,154,log-2
topic_normal,10:44:38.227,155,log-2
topic_normal,10:44:38.959,156,log-2
topic_normal,10:44:39.418,157,log-2
topic_normal,10:44:40.177,158,log-2
topic_normal,10:44:41.000,159,log-2
topic_normal,10:44:41.889,162,log-2
topic_normal,10:44:43.096,163,log-2
topic_normal,10:44:43.758,164,log-2
topic_normal,10:44:44.642,165,log-2
topic_normal,10:44:45.441,166,log-2
topic_normal,10:44:46.716,167,log-2
topic_normal,10:44:47.417,173,log-2
topic_normal,10:44:48.556,174,log-2
topic_normal,10:44:49.596,175,log-2
topic_normal,10:44:50.379,176,log-2
topic_normal,10:44:51.332,177,log-2
topic_normal,10:44:52.246,178,log-2
topic_normal,10:44:52.692,179,log-2
topic_normal,10:44:53.686,180,log-2
topic_normal,10:44:54.958,184,log-2
topic_normal,10:44:55.949,185,log-2
topic_normal,10:44:57.038,186,log-2
topic_normal,10:44:57.716,187,log-2
topic_normal,10:44:59.026,188,log-2
topic_normal,10:44:59.696,189,log-2
topic_normal,10:45:00.486,190,log-2
topic_normal,10:45:01.466,191,log-2
topic_normal,10:45:02.509,192,log-2
topic_normal,10:45:03.497,193,log-2
topic_normal,10:45:04.370,194,log-2
topic_normal,10:45:05.872,195,log-2
topic_normal,10:45:07.836,196,log-2
topic_normal,10:45:09.488,197,log-2
topic_normal,10:45:11.336,198,log-2
topic_normal,10:45:12.917,199,log-2
topic_normal,10:45:15.186,200,log-2
topic_normal,10:45:17.017,201,log-2
topic_normal,10:45:19.087,202,log-2
topic_normal,10:45:20.937,203,log-2
topic_normal,10:45:23.151,204,log-2
topic_normal,10:45:24.468,205,log-2
topic_normal,10:45:26.302,206,log-2
topic_normal,10:45:28.498,207,log-2
topic_normal,10:45:29.766,208,log-2
topic_normal,10:45:31.672,209,log-2
topic_normal,10:45:33.429,210,log-2
topic_normal,10:45:34.846,211,log-2
topic_normal,10:45:36.390,212,log-2
topic_normal,10:45:37.897,213,log-2
topic_normal,10:45:39.117,214,log-2
topic_normal,10:45:40.568,215,log-2
topic_normal,10:45:41.746,216,log-2
topic_normal,10:45:43.029,217,log-2
topic_normal,10:45:44.267,218,log-2
topic_normal,10:45:45.689,219,log-2
topic_normal,10:45:46.876,220,log-2
topic_normal,10:45:47.699,221,log-2
topic_normal,10:45:48.825,222,log-2
topic_normal,10:45:49.816,223,log-2
topic_normal,10:45:50.602,224,log-2
topic_normal,10:45:51.526,225,log-2
topic_normal,10:45:52.086,226,log-2
topic_normal,10:45:53.039,227,log-2
topic_normal,10:45:53.526,228,log-2
topic_normal,10:45:54.407,229,log-2
topic_normal,10:45:55.246,230,log-2
topic_normal,10:45:55.934,232,log-2
topic_normal,10:45:57.026,233,log-2
topic_normal,10:45:57.597,235,log-2
topic_normal,10:45:58.175,236,log-2
topic_normal,10:45:58.756,237,log-2
topic_normal,10:45:59.486,238,log-2
topic_normal,10:45:59.925,239,log-2
topic_normal,10:46:00.398,240,log-2
topic_normal,10:46:00.927,241,log-2
topic_normal,10:46:01.920,242,log-2
topic_normal,10:46:02.766,243,log-2
topic_normal,10:46:03.246,245,log-2
topic_normal,10:46:04.009,246,log-2
topic_normal,10:46:05.146,247,log-2
topic_normal,10:46:06.340,248,log-2
topic_normal,10:46:06.718,249,log-2
topic_normal,10:46:07.790,250,log-2
topic_normal,10:46:08.167,251,log-2
topic_normal,10:46:08.858,252,log-2
topic_normal,10:46:09.475,253,log-2
topic_normal,10:46:10.656,254,log-2
topic_normal,10:46:11.900,255,log-2
topic_normal,10:46:12.625,256,log-2
topic_normal,10:46:13.017,257,log-2
topic_normal,10:46:13.997,258,log-2
topic_normal,10:46:14.536,261,log-2
topic_normal,10:46:15.044,262,log-2
topic_normal,10:46:15.516,263,log-2
topic_normal,10:46:16.511,264,log-2
topic_normal,10:46:17.578,265,log-2
topic_normal,10:46:18.515,266,log-2
topic_normal,10:46:19.138,267,log-2
topic_normal,10:46:20.079,268,log-2
topic_normal,10:46:20.768,269,log-2
topic_normal,10:46:21.516,270,log-2
topic_normal,10:46:22.577,271,log-2
topic_normal,10:46:23.558,272,log-2
topic_normal,10:46:25.198,274,log-2
topic_normal,10:46:26.869,275,log-2
topic_normal,10:46:28.390,276,log-2
topic_normal,10:46:30.159,277,log-2
topic_normal,10:46:32.062,278,log-2
topic_normal,10:46:33.629,279,log-2
topic_normal,10:46:35.376,280,log-2
topic_normal,10:46:37.530,281,log-2
topic_normal,10:46:39.777,282,log-2
topic_normal,10:46:41.300,283,log-2
topic_normal,10:46:43.764,284,log-2
topic_normal,10:46:45.198,285,log-2
topic_normal,10:46:47.407,286,log-2
topic_normal,10:46:48.948,287,log-2
topic_normal,10:46:50.886,288,log-2
topic_normal,10:46:52.370,289,log-2
topic_normal,10:46:53.896,290,log-2
topic_normal,10:46:55.657,291,log-2
topic_normal,10:46:57.186,292,log-2
topic_normal,10:46:58.568,293,log-2
topic_normal,10:46:59.757,294,log-2
topic_normal,10:47:01.047,295,log-2
topic_normal,10:47:02.388,296,log-2
topic_normal,10:47:03.819,297,log-2
topic_normal,10:47:04.705,298,log-2
topic_normal,10:47:06.061,299,log-2
topic_normal,10:47:07.234,300,log-2
topic_priority,10:42:08.559,1,log-3
topic_priority,10:42:11.639,2,log-3
topic_priority,10:42:11.983,3,log-3
topic_priority,10:42:12.716,4,log-3
topic_priority,10:42:13.756,5,log-3
topic_priority,10:42:14.066,6,log-3
topic_priority,10:42:14.886,7,log-3
topic_priority,10:42:15.673,8,log-3
topic_priority,10:42:16.602,9,log-3
topic_priority,10:42:17.513,10,log-3
topic_priority,10:42:18.192,11,log-3
topic_priority,10:42:19.001,12,log-3
topic_priority,10:42:19.348,13,log-3
topic_priority,10:42:19.850,14,log-3
topic_priority,10:42:20.537,15,log-3
topic_priority,10:42:21.090,16,log-3
topic_priority,10:42:21.566,17,log-3
topic_priority,10:42:22.046,18,log-3
topic_priority,10:42:22.448,19,log-3
topic_priority,10:42:22.891,20,log-3
topic_priority,10:42:23.690,21,log-3
topic_priority,10:42:23.965,22,log-3
topic_priority,10:42:24.719,23,log-3
topic_priority,10:42:25.129,24,log-3
topic_priority,10:42:25.737,25,log-3
topic_priority,10:42:26.169,26,log-3
topic_priority,10:42:26.999,27,log-3
topic_priority,10:42:27.644,28,log-3
topic_priority,10:42:28.156,29,log-3
topic_priority,10:42:28.718,30,log-3
topic_priority,10:42:29.276,31,log-3
topic_priority,10:42:29.577,32,log-3
topic_priority,10:42:30.077,33,log-3
topic_priority,10:42:30.757,34,log-3
topic_priority,10:42:31.647,35,log-3
topic_priority,10:42:32.391,36,log-3
topic_priority,10:42:32.734,37,log-3
topic_priority,10:42:33.259,38,log-3
topic_priority,10:42:33.778,39,log-3
topic_priority,10:42:34.171,40,log-3
topic_priority,10:42:35.641,41,log-3
topic_priority,10:42:37.866,42,log-3
topic_priority,10:42:39.566,43,log-3
topic_priority,10:42:41.746,44,log-3
topic_priority,10:42:43.367,45,log-3
topic_priority,10:42:45.509,46,log-3
topic_priority,10:42:47.249,47,log-3
topic_priority,10:42:48.893,48,log-3
topic_priority,10:42:50.251,49,log-3
topic_priority,10:42:51.938,50,log-3
topic_priority,10:42:53.597,51,log-3
topic_priority,10:42:55.081,52,log-3
topic_priority,10:42:56.493,53,log-3
topic_priority,10:42:57.790,54,log-3
topic_priority,10:42:59.396,55,log-3
topic_priority,10:43:00.628,56,log-3
topic_priority,10:43:01.730,57,log-3
topic_priority,10:43:03.047,58,log-3
topic_priority,10:43:04.134,59,log-3
topic_priority,10:43:05.297,60,log-3
topic_priority,10:43:06.296,61,log-3
topic_priority,10:43:07.309,62,log-3
topic_priority,10:43:08.479,63,log-3
topic_priority,10:43:09.228,64,log-3
topic_priority,10:43:10.046,65,log-3
topic_priority,10:43:10.927,66,log-3
topic_priority,10:43:11.758,67,log-3
topic_priority,10:43:12.286,68,log-3
topic_priority,10:43:12.922,69,log-3
topic_priority,10:43:13.590,70,log-3
topic_priority,10:43:14.170,71,log-3
topic_priority,10:43:14.797,72,log-3
topic_priority,10:43:15.571,73,log-3
topic_priority,10:43:16.382,74,log-3
topic_priority,10:43:17.047,75,log-3
topic_priority,10:43:17.536,76,log-3
topic_priority,10:43:18.089,77,log-3
topic_priority,10:43:18.628,78,log-3
topic_priority,10:43:19.336,79,log-3
topic_priority,10:43:20.006,81,log-3
topic_priority,10:43:20.446,82,log-3
topic_priority,10:43:21.086,83,log-3
topic_priority,10:43:21.477,84,log-3
topic_priority,10:43:22.081,85,log-3
topic_priority,10:43:22.959,86,log-3
topic_priority,10:43:23.737,87,log-3
topic_priority,10:43:24.476,88,log-3
topic_priority,10:43:25.210,89,log-3
topic_priority,10:43:25.844,90,log-3
topic_priority,10:43:26.634,91,log-3
topic_priority,10:43:27.236,92,log-3
topic_priority,10:43:27.533,93,log-3
topic_priority,10:43:28.346,94,log-3
topic_priority,10:43:28.808,96,log-3
topic_priority,10:43:29.148,97,log-3
topic_priority,10:43:29.862,98,log-3
topic_priority,10:43:30.217,99,log-3
topic_priority,10:43:30.731,100,log-3
topic_priority,10:43:31.609,101,log-3
topic_priority,10:43:32.069,102,log-3
topic_priority,10:43:32.540,103,log-3
topic_priority,10:43:33.379,104,log-3
topic_priority,10:43:33.917,105,log-3
topic_priority,10:43:34.386,106,log-3
topic_priority,10:43:34.995,107,log-3
topic_priority,10:43:35.647,108,log-3
topic_priority,10:43:36.106,109,log-3
topic_priority,10:43:37.458,110,log-3
topic_priority,10:43:39.106,111,log-3
topic_priority,10:43:40.361,112,log-3
topic_priority,10:43:42.236,113,log-3
topic_priority,10:43:43.729,114,log-3
topic_priority,10:43:45.366,115,log-3
topic_priority,10:43:47.160,116,log-3
topic_priority,10:43:48.857,117,log-3
topic_priority,10:43:50.497,118,log-3
topic_priority,10:43:52.547,119,log-3
topic_priority,10:43:54.402,120,log-3
topic_priority,10:43:56.522,121,log-3
topic_priority,10:43:58.220,122,log-3
topic_priority,10:44:00.448,123,log-3
topic_priority,10:44:02.276,124,log-3
topic_priority,10:44:03.917,125,log-3
topic_priority,10:44:05.839,126,log-3
topic_priority,10:44:07.609,127,log-3
topic_priority,10:44:09.439,128,log-3
topic_priority,10:44:11.167,129,log-3
topic_priority,10:44:12.676,130,log-3
topic_priority,10:44:14.286,131,log-3
topic_priority,10:44:15.675,132,log-3
topic_priority,10:44:17.333,133,log-3
topic_priority,10:44:18.716,134,log-3
topic_priority,10:44:19.817,135,log-3
topic_priority,10:44:21.346,136,log-3
topic_priority,10:44:22.438,137,log-3
topic_priority,10:44:23.806,138,log-3
topic_priority,10:44:24.978,139,log-3
topic_priority,10:44:26.106,140,log-3
topic_priority,10:44:27.166,141,log-3
topic_priority,10:44:28.028,142,log-3
topic_priority,10:44:29.057,143,log-3
topic_priority,10:44:30.016,144,log-3
topic_priority,10:44:30.752,145,log-3
topic_priority,10:44:31.433,146,log-3
topic_priority,10:44:32.376,147,log-3
topic_priority,10:44:32.906,148,log-3
topic_priority,10:44:33.681,149,log-3
topic_priority,10:44:34.147,150,log-3
topic_priority,10:44:34.687,151,log-3
topic_priority,10:44:35.266,152,log-3
topic_priority,10:44:35.798,153,log-3
topic_priority,10:44:36.587,154,log-3
topic_priority,10:44:37.077,155,log-3
topic_priority,10:44:37.769,156,log-3
topic_priority,10:44:38.158,157,log-3
topic_priority,10:44:38.776,158,log-3
topic_priority,10:44:39.592,159,log-3
topic_priority,10:44:40.508,160,log-3
topic_priority,10:44:41.067,161,log-3
topic_priority,10:44:41.659,162,log-3
topic_priority,10:44:42.226,163,log-3
topic_priority,10:44:42.886,164,log-3
topic_priority,10:44:43.327,165,log-3
topic_priority,10:44:44.156,166,log-3
topic_priority,10:44:44.929,167,log-3
topic_priority,10:44:45.458,168,log-3
topic_priority,10:44:46.016,169,log-3
topic_priority,10:44:46.626,170,log-3
topic_priority,10:44:47.252,171,log-3
topic_priority,10:44:47.936,172,log-3
topic_priority,10:44:48.967,173,log-3
topic_priority,10:44:49.689,174,log-3
topic_priority,10:44:50.469,175,log-3
topic_priority,10:44:50.912,176,log-3
topic_priority,10:44:51.480,177,log-3
topic_priority,10:44:52.060,178,log-3
topic_priority,10:44:52.650,179,log-3
topic_priority,10:44:53.406,180,log-3
topic_priority,10:44:54.067,181,log-3
topic_priority,10:44:54.667,182,log-3
topic_priority,10:44:55.237,183,log-3
topic_priority,10:44:55.996,184,log-3
topic_priority,10:44:56.741,185,log-3
topic_priority,10:44:57.187,187,log-3
topic_priority,10:44:57.777,188,log-3
topic_priority,10:44:58.442,189,log-3
topic_priority,10:44:59.019,190,log-3
topic_priority,10:44:59.647,191,log-3
topic_priority,10:45:01.229,192,log-3
topic_priority,10:45:02.550,193,log-3
topic_priority,10:45:04.410,194,log-3
topic_priority,10:45:05.831,195,log-3
topic_priority,10:45:07.757,196,log-3
topic_priority,10:45:09.475,197,log-3
topic_priority,10:45:11.191,198,log-3
topic_priority,10:45:12.906,199,log-3
topic_priority,10:45:14.918,200,log-3
topic_priority,10:45:16.985,201,log-3
topic_priority,10:45:18.777,202,log-3
topic_priority,10:45:20.880,203,log-3
topic_priority,10:45:22.799,204,log-3
topic_priority,10:45:24.478,205,log-3
topic_priority,10:45:26.590,206,log-3
topic_priority,10:45:28.195,207,log-3
topic_priority,10:45:29.856,208,log-3
topic_priority,10:45:31.619,209,log-3
topic_priority,10:45:33.117,210,log-3
topic_priority,10:45:34.578,211,log-3
topic_priority,10:45:36.180,212,log-3
topic_priority,10:45:37.560,213,log-3
topic_priority,10:45:39.258,214,log-3
topic_priority,10:45:40.376,215,log-3
topic_priority,10:45:41.637,216,log-3
topic_priority,10:45:43.166,217,log-3
topic_priority,10:45:44.177,218,log-3
topic_priority,10:45:45.232,219,log-3
topic_priority,10:45:46.437,220,log-3
topic_priority,10:45:47.708,221,log-3
topic_priority,10:45:48.745,222,log-3
topic_priority,10:45:49.535,223,log-3
topic_priority,10:45:50.416,224,log-3
topic_priority,10:45:51.136,225,log-3
topic_priority,10:45:51.920,226,log-3
topic_priority,10:45:52.936,227,log-3
topic_priority,10:45:53.718,228,log-3
topic_priority,10:45:54.300,229,log-3
topic_priority,10:45:54.965,230,log-3
topic_priority,10:45:55.767,231,log-3
topic_priority,10:45:56.188,232,log-3
topic_priority,10:45:56.746,233,log-3
topic_priority,10:45:57.467,234,log-3
topic_priority,10:45:57.935,235,log-3
topic_priority,10:45:58.669,236,log-3
topic_priority,10:45:59.236,237,log-3
topic_priority,10:46:00.048,238,log-3
topic_priority,10:46:00.369,240,log-3
topic_priority,10:46:01.098,241,log-3
topic_priority,10:46:01.462,242,log-3
topic_priority,10:46:02.077,243,log-3
topic_priority,10:46:02.807,244,log-3
topic_priority,10:46:03.266,245,log-3
topic_priority,10:46:03.838,246,log-3
topic_priority,10:46:04.257,247,log-3
topic_priority,10:46:04.716,248,log-3
topic_priority,10:46:05.786,249,log-3
topic_priority,10:46:06.658,250,log-3
topic_priority,10:46:07.370,251,log-3
topic_priority,10:46:07.715,252,log-3
topic_priority,10:46:08.207,253,log-3
topic_priority,10:46:08.947,254,log-3
topic_priority,10:46:09.835,255,log-3
topic_priority,10:46:10.395,256,log-3
topic_priority,10:46:11.075,257,log-3
topic_priority,10:46:11.390,258,log-3
topic_priority,10:46:12.132,259,log-3
topic_priority,10:46:12.625,260,log-3
topic_priority,10:46:13.278,261,log-3
topic_priority,10:46:14.031,262,log-3
topic_priority,10:46:14.721,263,log-3
topic_priority,10:46:15.448,264,log-3
topic_priority,10:46:15.760,265,log-3
topic_priority,10:46:16.227,266,log-3
topic_priority,10:46:17.107,267,log-3
topic_priority,10:46:17.958,268,log-3
topic_priority,10:46:18.536,269,log-3
topic_priority,10:46:19.016,270,log-3
topic_priority,10:46:20.028,271,log-3
topic_priority,10:46:21.472,272,log-3
topic_priority,10:46:23.336,273,log-3
topic_priority,10:46:24.680,274,log-3
topic_priority,10:46:26.418,275,log-3
topic_priority,10:46:28.296,276,log-3
topic_priority,10:46:29.936,277,log-3
topic_priority,10:46:31.816,278,log-3
topic_priority,10:46:33.510,279,log-3
topic_priority,10:46:35.526,280,log-3
topic_priority,10:46:37.645,281,log-3
topic_priority,10:46:39.547,282,log-3
topic_priority,10:46:41.546,283,log-3
topic_priority,10:46:43.416,284,log-3
topic_priority,10:46:45.134,285,log-3
topic_priority,10:46:47.117,286,log-3
topic_priority,10:46:48.587,287,log-3
topic_priority,10:46:50.657,288,log-3
topic_priority,10:46:52.072,289,log-3
topic_priority,10:46:53.616,290,log-3
topic_priority,10:46:55.306,291,log-3
topic_priority,10:46:56.739,292,log-3
topic_priority,10:46:58.266,293,log-3
topic_priority,10:46:59.586,294,log-3
topic_priority,10:47:01.087,295,log-3
topic_priority,10:47:02.336,296,log-3
topic_priority,10:47:03.700,297,log-3
topic_priority,10:47:04.686,298,log-3
topic_priority,10:47:06.060,299,log-3
topic_priority,10:47:07.140,300,log-3
topic_normal,10:42:08.559,1,log-3
topic_normal,10:42:09.298,2,log-3
topic_normal,10:42:09.550,3,log-3
topic_normal,10:42:10.281,4,log-3
topic_normal,10:42:10.726,5,log-3
topic_normal,10:42:11.227,6,log-3
topic_normal,10:42:12.256,7,log-3
topic_normal,10:42:12.946,8,log-3
topic_normal,10:42:13.369,10,log-3
topic_normal,10:42:13.885,11,log-3
topic_normal,10:42:14.847,12,log-3
topic_normal,10:42:15.572,13,log-3
topic_normal,10:42:15.916,14,log-3
topic_normal,10:42:16.427,15,log-3
topic_normal,10:42:17.007,16,log-3
topic_normal,10:42:17.560,17,log-3
topic_normal,10:42:18.451,18,log-3
topic_normal,10:42:18.920,19,log-3
topic_normal,10:42:19.321,20,log-3
topic_normal,10:42:19.761,21,log-3
topic_normal,10:42:20.471,22,log-3
topic_normal,10:42:20.737,23,log-3
topic_normal,10:42:21.488,24,log-3
topic_normal,10:42:21.796,25,log-3
topic_normal,10:42:22.409,26,log-3
topic_normal,10:42:22.799,27,log-3
topic_normal,10:42:23.558,28,log-3
topic_normal,10:42:24.198,29,log-3
topic_normal,10:42:24.626,30,log-3
topic_normal,10:42:25.179,31,log-3
topic_normal,10:42:25.737,32,log-3
topic_normal,10:42:26.042,33,log-3
topic_normal,10:42:26.947,34,log-3
topic_normal,10:42:27.617,35,log-3
topic_normal,10:42:28.263,37,log-3
topic_normal,10:42:29.963,38,log-3
topic_normal,10:42:31.656,39,log-3
topic_normal,10:42:33.596,40,log-3
topic_normal,10:42:35.647,41,log-3
topic_normal,10:42:37.547,42,log-3
topic_normal,10:42:39.530,43,log-3
topic_normal,10:42:41.657,44,log-3
topic_normal,10:42:43.246,45,log-3
topic_normal,10:42:45.339,46,log-3
topic_normal,10:42:46.857,47,log-3
topic_normal,10:42:48.893,48,log-3
topic_normal,10:42:50.529,49,log-3
topic_normal,10:42:52.076,50,log-3
topic_normal,10:42:53.334,51,log-3
topic_normal,10:42:54.918,52,log-3
topic_normal,10:42:56.493,53,log-3
topic_normal,10:42:57.857,54,log-3
topic_normal,10:42:59.171,55,log-3
topic_normal,10:43:00.368,56,log-3
topic_normal,10:43:01.880,57,log-3
topic_normal,10:43:03.016,58,log-3
topic_normal,10:43:04.007,59,log-3
topic_normal,10:43:05.236,60,log-3
topic_normal,10:43:06.214,61,log-3
topic_normal,10:43:07.283,62,log-3
topic_normal,10:43:08.186,63,log-3
topic_normal,10:43:09.089,64,log-3
topic_normal,10:43:10.159,65,log-3
topic_normal,10:43:10.808,66,log-3
topic_normal,10:43:11.536,67,log-3
topic_normal,10:43:12.314,68,log-3
topic_normal,10:43:13.038,69,log-3
topic_normal,10:43:13.467,70,log-3
topic_normal,10:43:14.003,71,log-3
topic_normal,10:43:14.567,72,log-3
topic_normal,10:43:15.047,73,log-3
topic_normal,10:43:15.588,74,log-3
topic_normal,10:43:16.149,75,log-3
topic_normal,10:43:16.768,76,log-3
topic_normal,10:43:17.456,77,log-3
topic_normal,10:43:18.026,78,log-3
topic_normal,10:43:18.358,79,log-3
topic_normal,10:43:18.963,80,log-3
topic_normal,10:43:19.756,81,log-3
topic_normal,10:43:20.441,82,log-3
topic_normal,10:43:20.866,83,log-3
topic_normal,10:43:21.616,84,log-3
topic_normal,10:43:22.050,85,log-3
topic_normal,10:43:22.714,86,log-3
topic_normal,10:43:23.639,87,log-3
topic_normal,10:43:24.471,88,log-3
topic_normal,10:43:25.246,89,log-3
topic_normal,10:43:25.527,90,log-3
topic_normal,10:43:26.252,91,log-3
topic_normal,10:43:27.054,92,log-3
topic_normal,10:43:27.646,93,log-3
topic_normal,10:43:27.940,94,log-3
topic_normal,10:43:28.756,95,log-3
topic_normal,10:43:29.218,97,log-3
topic_normal,10:43:29.556,98,log-3
topic_normal,10:43:30.376,99,log-3
topic_normal,10:43:30.629,100,log-3
topic_normal,10:43:31.299,101,log-3
topic_normal,10:43:32.030,102,log-3
topic_normal,10:43:32.688,103,log-3
topic_normal,10:43:32.962,104,log-3
topic_normal,10:43:33.550,105,log-3
topic_normal,10:43:34.328,106,log-3
topic_normal,10:43:35.106,107,log-3
topic_normal,10:43:35.907,108,log-3
topic_normal,10:43:36.417,109,log-3
topic_normal,10:43:37.433,110,log-3
topic_normal,10:43:38.829,111,log-3
topic_normal,10:43:40.526,112,log-3
topic_normal,10:43:41.828,113,log-3
topic_normal,10:43:43.757,114,log-3
topic_normal,10:43:45.296,115,log-3
topic_normal,10:43:46.988,116,log-3
topic_normal,10:43:48.821,117,log-3
topic_normal,10:43:50.556,118,log-3
topic_normal,10:43:52.248,119,log-3
topic_normal,10:43:54.354,120,log-3
topic_normal,10:43:56.249,121,log-3
topic_normal,10:43:58.432,122,log-3
topic_normal,10:44:00.072,123,log-3
topic_normal,10:44:02.256,124,log-3
topic_normal,10:44:04.036,125,log-3
topic_normal,10:44:05.617,126,log-3
topic_normal,10:44:07.490,127,log-3
topic_normal,10:44:09.209,128,log-3
topic_normal,10:44:10.988,129,log-3
topic_normal,10:44:12.656,130,log-3
topic_normal,10:44:14.130,131,log-3
topic_normal,10:44:15.694,132,log-3
topic_normal,10:44:17.034,133,log-3
topic_normal,10:44:18.626,134,log-3
topic_normal,10:44:19.968,135,log-3
topic_normal,10:44:21.018,136,log-3
topic_normal,10:44:22.496,137,log-3
topic_normal,10:44:23.541,138,log-3
topic_normal,10:44:24.857,139,log-3
topic_normal,10:44:25.977,140,log-3
topic_normal,10:44:27.057,141,log-3
topic_normal,10:44:28.067,142,log-3
topic_normal,10:44:28.889,143,log-3
topic_normal,10:44:29.857,144,log-3
topic_normal,10:44:30.772,145,log-3
topic_normal,10:44:31.451,146,log-3
topic_normal,10:44:32.090,147,log-3
topic_normal,10:44:32.987,148,log-3
topic_normal,10:44:33.467,149,log-3
topic_normal,10:44:34.192,150,log-3
topic_normal,10:44:34.613,151,log-3
topic_normal,10:44:35.098,152,log-3
topic_normal,10:44:35.629,153,log-3
topic_normal,10:44:36.108,154,log-3
topic_normal,10:44:36.807,155,log-3
topic_normal,10:44:37.186,156,log-3
topic_normal,10:44:37.798,157,log-3
topic_normal,10:44:38.326,158,log-3
topic_normal,10:44:39.049,159,log-3
topic_normal,10:44:39.950,160,log-3
topic_normal,10:44:40.422,161,log-3
topic_normal,10:44:40.980,162,log-3
topic_normal,10:44:41.566,163,log-3
topic_normal,10:44:42.127,164,log-3
topic_normal,10:44:42.803,165,log-3
topic_normal,10:44:43.236,166,log-3
topic_normal,10:44:43.568,167,log-3
topic_normal,10:44:44.033,168,log-3
topic_normal,10:44:44.511,169,log-3
topic_normal,10:44:45.066,170,log-3
topic_normal,10:44:45.627,171,log-3
topic_normal,10:44:46.203,172,log-3
topic_normal,10:44:46.895,173,log-3
topic_normal,10:44:47.866,174,log-3
topic_normal,10:44:48.538,175,log-3
topic_normal,10:44:49.321,176,log-3
topic_normal,10:44:49.719,177,log-3
topic_normal,10:44:50.292,178,log-3
topic_normal,10:44:50.812,179,log-3
topic_normal,10:44:51.402,180,log-3
topic_normal,10:44:52.110,181,log-3
topic_normal,10:44:52.726,182,log-3
topic_normal,10:44:53.326,183,log-3
topic_normal,10:44:53.840,184,log-3
topic_normal,10:44:54.595,185,log-3
topic_normal,10:44:55.302,186,log-3
topic_normal,10:44:55.747,187,log-3
topic_normal,10:44:56.337,188,log-3
topic_normal,10:44:56.952,189,log-3
topic_normal,10:44:57.927,190,log-3
topic_normal,10:44:59.561,191,log-3
topic_normal,10:45:01.152,192,log-3
topic_normal,10:45:02.461,193,log-3
topic_normal,10:45:04.316,194,log-3
topic_normal,10:45:05.742,195,log-3
topic_normal,10:45:07.666,196,log-3
topic_normal,10:45:09.386,197,log-3
topic_normal,10:45:11.099,198,log-3
topic_normal,10:45:12.826,199,log-3
topic_normal,10:45:14.826,200,log-3
topic_normal,10:45:16.896,201,log-3
topic_normal,10:45:18.696,202,log-3
topic_normal,10:45:20.792,203,log-3
topic_normal,10:45:22.712,204,log-3
topic_normal,10:45:24.386,205,log-3
topic_normal,10:45:26.511,206,log-3
topic_normal,10:45:28.110,207,log-3
topic_normal,10:45:29.767,208,log-3
topic_normal,10:45:31.541,209,log-3
topic_normal,10:45:33.028,210,log-3
topic_normal,10:45:34.488,211,log-3
topic_normal,10:45:36.100,212,log-3
topic_normal,10:45:37.478,213,log-3
topic_normal,10:45:39.169,214,log-3
topic_normal,10:45:40.287,215,log-3
topic_normal,10:45:41.546,216,log-3
topic_normal,10:45:43.097,217,log-3
topic_normal,10:45:44.097,218,log-3
topic_normal,10:45:45.146,219,log-3
topic_normal,10:45:46.357,220,log-3
topic_normal,10:45:47.638,221,log-3
topic_normal,10:45:48.666,222,log-3
topic_normal,10:45:49.456,223,log-3
topic_normal,10:45:50.345,224,log-3
topic_normal,10:45:51.066,225,log-3
topic_normal,10:45:51.835,226,log-3
topic_normal,10:45:52.867,227,log-3
topic_normal,10:45:53.645,228,log-3
topic_normal,10:45:54.215,229,log-3
topic_normal,10:45:54.886,230,log-3
topic_normal,10:45:55.208,231,log-3
topic_normal,10:45:55.668,232,log-3
topic_normal,10:45:56.276,233,log-3
topic_normal,10:45:57.096,234,log-3
topic_normal,10:45:57.516,235,log-3
topic_normal,10:45:58.118,236,log-3
topic_normal,10:45:58.622,237,log-3
topic_normal,10:45:59.227,238,log-3
topic_normal,10:45:59.858,239,log-3
topic_normal,10:46:00.536,240,log-3
topic_normal,10:46:00.896,241,log-3
topic_normal,10:46:01.469,242,log-3
topic_normal,10:46:02.138,243,log-3
topic_normal,10:46:02.547,244,log-3
topic_normal,10:46:03.076,245,log-3
topic_normal,10:46:03.948,246,log-3
topic_normal,10:46:04.667,247,log-3
topic_normal,10:46:05.727,248,log-3
topic_normal,10:46:06.601,249,log-3
topic_normal,10:46:07.321,250,log-3
topic_normal,10:46:07.657,251,log-3
topic_normal,10:46:08.148,252,log-3
topic_normal,10:46:08.899,253,log-3
topic_normal,10:46:09.777,254,log-3
topic_normal,10:46:10.347,255,log-3
topic_normal,10:46:11.016,256,log-3
topic_normal,10:46:11.338,257,log-3
topic_normal,10:46:12.083,258,log-3
topic_normal,10:46:12.566,259,log-3
topic_normal,10:46:13.228,260,log-3
topic_normal,10:46:13.973,261,log-3
topic_normal,10:46:14.674,262,log-3
topic_normal,10:46:15.390,263,log-3
topic_normal,10:46:15.710,264,log-3
topic_normal,10:46:16.176,265,log-3
topic_normal,10:46:17.060,266,log-3
topic_normal,10:46:17.895,267,log-3
topic_normal,10:46:18.490,268,log-3
topic_normal,10:46:18.957,269,log-3
topic_normal,10:46:19.519,270,log-3
topic_normal,10:46:19.908,271,log-3
topic_normal,10:46:21.726,272,log-3
topic_normal,10:46:23.020,273,log-3
topic_normal,10:46:24.706,274,log-3
topic_normal,10:46:26.537,275,log-3
topic_normal,10:46:28.120,276,log-3
topic_normal,10:46:29.959,277,log-3
topic_normal,10:46:31.601,278,log-3
topic_normal,10:46:33.565,279,log-3
topic_normal,10:46:35.629,280,log-3
topic_normal,10:46:37.477,281,log-3
topic_normal,10:46:39.536,282,log-3
topic_normal,10:46:41.459,283,log-3
topic_normal,10:46:43.220,284,log-3
topic_normal,10:46:45.266,285,log-3
topic_normal,10:46:46.786,286,log-3
topic_normal,10:46:48.898,287,log-3
topic_normal,10:46:50.372,288,log-3
topic_normal,10:46:51.968,289,log-3
topic_normal,10:46:53.706,290,log-3
topic_normal,10:46:55.189,291,log-3
topic_normal,10:46:56.768,292,log-3
topic_normal,10:46:58.138,293,log-3
topic_normal,10:46:59.690,294,log-3
topic_normal,10:47:00.990,295,log-3
topic_normal,10:47:02.399,296,log-3
topic_normal,10:47:03.436,297,log-3
topic_normal,10:47:04.864,298,log-3
topic_normal,10:47:05.990,299,log-3
topic_normal,10:47:06.890,300,log-3
topic_priority,10:42:08.100,1,log-4
topic_priority,10:42:10.479,2,log-4
topic_priority,10:42:11.281,3,log-4
topic_priority,10:42:12.212,4,log-4
topic_priority,10:42:13.256,5,log-4
topic_priority,10:42:13.757,6,log-4
topic_priority,10:42:14.386,7,log-4
topic_priority,10:42:15.322,8,log-4
topic_priority,10:42:16.098,9,log-4
topic_priority,10:42:16.609,10,log-4
topic_priority,10:42:17.682,11,log-4
topic_priority,10:42:18.505,12,log-4
topic_priority,10:42:18.849,13,log-4
topic_priority,10:42:19.351,14,log-4
topic_priority,10:42:20.029,15,log-4
topic_priority,10:42:20.589,16,log-4
topic_priority,10:42:21.519,17,log-4
topic_priority,10:42:22.046,18,log-4
topic_priority,10:42:22.449,19,log-4
topic_priority,10:42:22.888,20,log-4
topic_priority,10:42:23.689,21,log-4
topic_priority,10:42:23.965,22,log-4
topic_priority,10:42:24.719,23,log-4
topic_priority,10:42:25.126,24,log-4
topic_priority,10:42:25.736,25,log-4
topic_priority,10:42:26.167,26,log-4
topic_priority,10:42:26.998,27,log-4
topic_priority,10:42:27.639,28,log-4
topic_priority,10:42:28.156,29,log-4
topic_priority,10:42:28.717,30,log-4
topic_priority,10:42:29.277,31,log-4
topic_priority,10:42:29.577,32,log-4
topic_priority,10:42:30.076,33,log-4
topic_priority,10:42:30.757,34,log-4
topic_priority,10:42:31.647,35,log-4
topic_priority,10:42:32.391,36,log-4
topic_priority,10:42:32.731,37,log-4
topic_priority,10:42:33.258,38,log-4
topic_priority,10:42:33.776,39,log-4
topic_priority,10:42:34.172,40,log-4
topic_priority,10:42:35.636,41,log-4
topic_priority,10:42:37.866,42,log-4
topic_priority,10:42:39.566,43,log-4
topic_priority,10:42:41.748,44,log-4
topic_priority,10:42:43.373,45,log-4
topic_priority,10:42:45.509,46,log-4
topic_priority,10:42:47.248,47,log-4
topic_priority,10:42:48.891,48,log-4
topic_priority,10:42:50.250,49,log-4
topic_priority,10:42:51.937,50,log-4
topic_priority,10:42:53.602,51,log-4
topic_priority,10:42:55.080,52,log-4
topic_priority,10:42:56.487,53,log-4
topic_priority,10:42:57.787,54,log-4
topic_priority,10:42:59.398,55,log-4
topic_priority,10:43:00.631,56,log-4
topic_priority,10:43:01.726,57,log-4
topic_priority,10:43:03.057,58,log-4
topic_priority,10:43:04.127,59,log-4
topic_priority,10:43:05.298,60,log-4
topic_priority,10:43:06.296,61,log-4
topic_priority,10:43:07.311,62,log-4
topic_priority,10:43:08.478,63,log-4
topic_priority,10:43:09.228,64,log-4
topic_priority,10:43:10.046,65,log-4
topic_priority,10:43:10.930,66,log-4
topic_priority,10:43:11.757,67,log-4
topic_priority,10:43:12.276,68,log-4
topic_priority,10:43:12.922,69,log-4
topic_priority,10:43:13.588,70,log-4
topic_priority,10:43:14.157,71,log-4
topic_priority,10:43:14.796,72,log-4
topic_priority,10:43:15.161,73,log-4
topic_priority,10:43:15.717,74,log-4
topic_priority,10:43:16.428,75,log-4
topic_priority,10:43:16.838,76,log-4
topic_priority,10:43:17.315,77,log-4
topic_priority,10:43:17.969,78,log-4
topic_priority,10:43:18.467,79,log-4
topic_priority,10:43:19.048,80,log-4
topic_priority,10:43:19.886,81,log-4
topic_priority,10:43:20.527,82,log-4
topic_priority,10:43:20.868,83,log-4
topic_priority,10:43:21.428,84,log-4
topic_priority,10:43:22.246,85,log-4
topic_priority,10:43:22.978,86,log-4
topic_priority,10:43:23.666,87,log-4
topic_priority,10:43:24.352,88,log-4
topic_priority,10:43:24.943,89,log-4
topic_priority,10:43:25.278,90,log-4
topic_priority,10:43:25.778,91,log-4
topic_priority,10:43:26.066,92,log-4
topic_priority,10:43:26.837,93,log-4
topic_priority,10:43:27.747,94,log-4
topic_priority,10:43:28.086,95,log-4
topic_priority,10:43:28.797,96,log-4
topic_priority,10:43:29.107,97,log-4
topic_priority,10:43:29.617,98,log-4
topic_priority,10:43:30.458,99,log-4
topic_priority,10:43:30.923,100,log-4
topic_priority,10:43:31.332,101,log-4
topic_priority,10:43:32.174,102,log-4
topic_priority,10:43:32.660,103,log-4
topic_priority,10:43:33.126,104,log-4
topic_priority,10:43:34.194,105,log-4
topic_priority,10:43:34.646,106,log-4
topic_priority,10:43:35.250,107,log-4
topic_priority,10:43:35.695,108,log-4
topic_priority,10:43:36.246,109,log-4
topic_priority,10:43:37.386,110,log-4
topic_priority,10:43:39.178,111,log-4
topic_priority,10:43:40.570,112,log-4
topic_priority,10:43:42.096,113,log-4
topic_priority,10:43:43.778,114,log-4
topic_priority,10:43:45.388,115,log-4
topic_priority,10:43:46.937,116,log-4
topic_priority,10:43:48.882,117,log-4
topic_priority,10:43:50.642,118,log-4
topic_priority,10:43:52.657,119,log-4
topic_priority,10:43:54.247,120,log-4
topic_priority,10:43:56.488,121,log-4
topic_priority,10:43:58.416,122,log-4
topic_priority,10:44:00.146,123,log-4
topic_priority,10:44:02.171,124,log-4
topic_priority,10:44:04.037,125,log-4
topic_priority,10:44:05.976,126,log-4
topic_priority,10:44:07.797,127,log-4
topic_priority,10:44:09.416,128,log-4
topic_priority,10:44:11.116,129,log-4
topic_priority,10:44:12.604,130,log-4
topic_priority,10:44:14.371,131,log-4
topic_priority,10:44:15.851,132,log-4
topic_priority,10:44:17.046,133,log-4
topic_priority,10:44:18.686,134,log-4
topic_priority,10:44:19.878,135,log-4
topic_priority,10:44:21.336,136,log-4
topic_priority,10:44:22.618,137,log-4
topic_priority,10:44:23.846,138,log-4
topic_priority,10:44:24.997,139,log-4
topic_priority,10:44:25.966,140,log-4
topic_priority,10:44:27.097,141,log-4
topic_priority,10:44:28.154,142,log-4
topic_priority,10:44:28.979,143,log-4
topic_priority,10:44:29.779,144,log-4
topic_priority,10:44:30.818,145,log-4
topic_priority,10:44:31.436,146,log-4
topic_priority,10:44:32.321,147,log-4
topic_priority,10:44:32.891,148,log-4
topic_priority,10:44:33.520,149,log-4
topic_priority,10:44:34.206,150,log-4
topic_priority,10:44:34.838,151,log-4
topic_priority,10:44:35.366,152,log-4
topic_priority,10:44:36.158,153,log-4
topic_priority,10:44:37.041,154,log-4
topic_priority,10:44:37.459,155,log-4
topic_priority,10:44:38.017,156,log-4
topic_priority,10:44:38.521,157,log-4
topic_priority,10:44:39.151,158,log-4
topic_priority,10:44:40.060,159,log-4
topic_priority,10:44:41.098,160,log-4
topic_priority,10:44:41.619,161,log-4
topic_priority,10:44:42.245,162,log-4
topic_priority,10:44:42.617,163,log-4
topic_priority,10:44:43.409,164,log-4
topic_priority,10:44:44.122,166,log-4
topic_priority,10:44:44.601,167,log-4
topic_priority,10:44:45.156,168,log-4
topic_priority,10:44:45.718,169,log-4
topic_priority,10:44:46.291,170,log-4
topic_priority,10:44:46.986,171,log-4
topic_priority,10:44:47.955,172,log-4
topic_priority,10:44:48.626,173,log-4
topic_priority,10:44:49.412,174,log-4
topic_priority,10:44:49.808,175,log-4
topic_priority,10:44:50.379,176,log-4
topic_priority,10:44:50.903,177,log-4
topic_priority,10:44:51.491,178,log-4
topic_priority,10:44:52.199,179,log-4
topic_priority,10:44:52.806,180,log-4
topic_priority,10:44:53.416,181,log-4
topic_priority,10:44:53.928,182,log-4
topic_priority,10:44:54.686,183,log-4
topic_priority,10:44:55.390,184,log-4
topic_priority,10:44:55.837,185,log-4
topic_priority,10:44:56.416,186,log-4
topic_priority,10:44:57.026,187,log-4
topic_priority,10:44:57.619,188,log-4
topic_priority,10:44:58.188,189,log-4
topic_priority,10:44:58.769,190,log-4
topic_priority,10:44:59.488,191,log-4
topic_priority,10:45:01.240,192,log-4
topic_priority,10:45:02.560,193,log-4
topic_priority,10:45:04.397,194,log-4
topic_priority,10:45:06.006,195,log-4
topic_priority,10:45:07.618,196,log-4
topic_priority,10:45:09.246,197,log-4
topic_priority,10:45:11.158,198,log-4
topic_priority,10:45:13.117,199,log-4
topic_priority,10:45:14.816,200,log-4
topic_priority,10:45:16.921,201,log-4
topic_priority,10:45:18.929,202,log-4
topic_priority,10:45:20.707,203,log-4
topic_priority,10:45:22.927,204,log-4
topic_priority,10:45:24.636,205,log-4
topic_priority,10:45:26.388,206,log-4
topic_priority,10:45:28.263,207,log-4
topic_priority,10:45:29.856,208,log-4
topic_priority,10:45:31.407,209,log-4
topic_priority,10:45:33.117,210,log-4
topic_priority,10:45:34.601,211,log-4
topic_priority,10:45:36.390,212,log-4
topic_priority,10:45:37.609,213,log-4
topic_priority,10:45:38.969,214,log-4
topic_priority,10:45:40.616,215,log-4
topic_priority,10:45:41.729,216,log-4
topic_priority,10:45:42.863,217,log-4
topic_priority,10:45:44.169,218,log-4
topic_priority,10:45:45.547,219,log-4
topic_priority,10:45:46.685,220,log-4
topic_priority,10:45:47.568,221,log-4
topic_priority,10:45:48.556,222,log-4
topic_priority,10:45:49.375,223,log-4
topic_priority,10:45:50.250,224,log-4
topic_priority,10:45:51.375,225,log-4
topic_priority,10:45:52.255,226,log-4
topic_priority,10:45:52.936,227,log-4
topic_priority,10:45:53.697,228,log-4
topic_priority,10:45:54.118,229,log-4
topic_priority,10:45:54.678,230,log-4
topic_priority,10:45:55.376,231,log-4
topic_priority,10:45:55.936,232,log-4
topic_priority,10:45:56.659,233,log-4
topic_priority,10:45:57.251,234,log-4
topic_priority,10:45:57.808,235,log-4
topic_priority,10:45:58.237,236,log-4
topic_priority,10:45:58.579,237,log-4
topic_priority,10:45:59.365,238,log-4
topic_priority,10:45:59.996,239,log-4
topic_priority,10:46:00.509,240,log-4
topic_priority,10:46:01.139,241,log-4
topic_priority,10:46:01.498,242,log-4
topic_priority,10:46:01.866,243,log-4
topic_priority,10:46:02.637,244,log-4
topic_priority,10:46:03.245,245,log-4
topic_priority,10:46:04.216,246,log-4
topic_priority,10:46:04.991,247,log-4
topic_priority,10:46:05.609,248,log-4
topic_priority,10:46:06.363,249,log-4
topic_priority,10:46:06.746,250,log-4
topic_priority,10:46:07.488,251,log-4
topic_priority,10:46:08.329,252,log-4
topic_priority,10:46:08.836,253,log-4
topic_priority,10:46:09.516,254,log-4
topic_priority,10:46:10.280,255,log-4
topic_priority,10:46:11.030,256,log-4
topic_priority,10:46:11.468,257,log-4
topic_priority,10:46:12.118,258,log-4
topic_priority,10:46:12.816,259,log-4
topic_priority,10:46:13.473,260,log-4
topic_priority,10:46:14.186,261,log-4
topic_priority,10:46:14.446,262,log-4
topic_priority,10:46:14.926,263,log-4
topic_priority,10:46:15.811,264,log-4
topic_priority,10:46:16.597,265,log-4
topic_priority,10:46:17.140,266,log-4
topic_priority,10:46:17.605,267,log-4
topic_priority,10:46:18.168,268,log-4
topic_priority,10:46:18.501,269,log-4
topic_priority,10:46:19.325,270,log-4
topic_priority,10:46:20.006,271,log-4
topic_priority,10:46:21.600,272,log-4
topic_priority,10:46:23.315,273,log-4
topic_priority,10:46:24.810,274,log-4
topic_priority,10:46:26.545,275,log-4
topic_priority,10:46:28.085,276,log-4
topic_priority,10:46:29.956,277,log-4
topic_priority,10:46:31.918,278,log-4
topic_priority,10:46:33.669,279,log-4
topic_priority,10:46:35.626,280,log-4
topic_priority,10:46:37.548,281,log-4
topic_priority,10:46:39.411,282,log-4
topic_priority,10:46:41.535,283,log-4
topic_priority,10:46:43.155,284,log-4
topic_priority,10:46:45.379,285,log-4
topic_priority,10:46:46.950,286,log-4
topic_priority,10:46:48.648,287,log-4
topic_priority,10:46:50.486,288,log-4
topic_priority,10:46:52.058,289,log-4
topic_priority,10:46:53.754,290,log-4
topic_priority,10:46:55.217,291,log-4
topic_priority,10:46:56.871,292,log-4
topic_priority,10:46:58.265,293,log-4
topic_priority,10:46:59.778,294,log-4
topic_priority,10:47:00.916,295,log-4
topic_priority,10:47:02.444,296,log-4
topic_priority,10:47:03.660,297,log-4
topic_priority,10:47:04.669,298,log-4
topic_priority,10:47:06.037,299,log-4
topic_priority,10:47:06.886,300,log-4
topic_normal,10:42:08.101,1,log-4
topic_normal,10:42:08.798,2,log-4
topic_normal,10:42:09.048,3,log-4
topic_normal,10:42:09.781,4,log-4
topic_normal,10:42:10.067,5,log-4
topic_normal,10:42:10.726,6,log-4
topic_normal,10:42:11.547,7,log-4
topic_normal,10:42:12.193,8,log-4
topic_normal,10:42:12.610,9,log-4
topic_normal,10:42:13.384,10,log-4
topic_normal,10:42:14.053,11,log-4
topic_normal,10:42:14.706,12,log-4
topic_normal,10:42:15.066,13,log-4
topic_normal,10:42:15.421,14,log-4
topic_normal,10:42:16.098,15,log-4
topic_normal,10:42:16.657,16,log-4
topic_normal,10:42:17.493,17,log-4
topic_normal,10:42:17.958,18,log-4
topic_normal,10:42:18.323,19,log-4
topic_normal,10:42:18.757,20,log-4
topic_normal,10:42:19.457,21,log-4
topic_normal,10:42:19.735,22,log-4
topic_normal,10:42:20.488,23,log-4
topic_normal,10:42:20.747,24,log-4
topic_normal,10:42:21.360,25,log-4
topic_normal,10:42:21.796,26,log-4
topic_normal,10:42:22.457,27,log-4
topic_normal,10:42:23.096,28,log-4
topic_normal,10:42:23.467,29,log-4
topic_normal,10:42:24.020,30,log-4
topic_normal,10:42:24.576,31,log-4
topic_normal,10:42:25.037,32,log-4
topic_normal,10:42:25.736,33,log-4
topic_normal,10:42:26.408,34,log-4
topic_normal,10:42:27.006,35,log-4
topic_normal,10:42:27.401,36,log-4
topic_normal,10:42:27.993,37,log-4
topic_normal,10:42:29.828,38,log-4
topic_normal,10:42:31.796,39,log-4
topic_normal,10:42:33.589,40,log-4
topic_normal,10:42:35.560,41,log-4
topic_normal,10:42:37.786,42,log-4
topic_normal,10:42:39.486,43,log-4
topic_normal,10:42:41.678,44,log-4
topic_normal,10:42:43.292,45,log-4
topic_normal,10:42:45.429,46,log-4
topic_normal,10:42:47.169,47,log-4
topic_normal,10:42:48.813,48,log-4
topic_normal,10:42:50.171,49,log-4
topic_normal,10:42:51.858,50,log-4
topic_normal,10:42:53.524,51,log-4
topic_normal,10:42:54.998,52,log-4
topic_normal,10:42:56.408,53,log-4
topic_normal,10:42:57.699,54,log-4
topic_normal,10:42:59.318,55,log-4
topic_normal,10:43:00.550,56,log-4
topic_normal,10:43:01.640,57,log-4
topic_normal,10:43:02.966,58,log-4
topic_normal,10:43:04.049,59,log-4
topic_normal,10:43:05.218,60,log-4
topic_normal,10:43:06.217,61,log-4
topic_normal,10:43:07.229,62,log-4
topic_normal,10:43:08.396,63,log-4
topic_normal,10:43:09.139,64,log-4
topic_normal,10:43:09.966,65,log-4
topic_normal,10:43:10.851,66,log-4
topic_normal,10:43:11.681,67,log-4
topic_normal,10:43:12.206,68,log-4
topic_normal,10:43:12.842,69,log-4
topic_normal,10:43:13.511,70,log-4
topic_normal,10:43:14.080,71,log-4
topic_normal,10:43:14.717,72,log-4
topic_normal,10:43:15.079,73,log-4
topic_normal,10:43:15.641,74,log-4
topic_normal,10:43:16.347,75,log-4
topic_normal,10:43:16.757,76,log-4
topic_normal,10:43:17.235,77,log-4
topic_normal,10:43:17.891,78,log-4
topic_normal,10:43:18.389,79,log-4
topic_normal,10:43:18.967,80,log-4
topic_normal,10:43:19.806,81,log-4
topic_normal,10:43:20.456,82,log-4
topic_normal,10:43:20.787,83,log-4
topic_normal,10:43:21.347,84,log-4
topic_normal,10:43:22.166,85,log-4
topic_normal,10:43:22.901,86,log-4
topic_normal,10:43:23.587,87,log-4
topic_normal,10:43:24.266,88,log-4
topic_normal,10:43:24.836,89,log-4
topic_normal,10:43:25.182,90,log-4
topic_normal,10:43:25.687,91,log-4
topic_normal,10:43:25.978,92,log-4
topic_normal,10:43:26.756,93,log-4
topic_normal,10:43:27.658,94,log-4
topic_normal,10:43:27.996,95,log-4
topic_normal,10:43:28.711,96,log-4
topic_normal,10:43:29.017,97,log-4
topic_normal,10:43:29.531,98,log-4
topic_normal,10:43:30.367,99,log-4
topic_normal,10:43:30.827,100,log-4
topic_normal,10:43:31.252,101,log-4
topic_normal,10:43:32.094,102,log-4
topic_normal,10:43:32.570,103,log-4
topic_normal,10:43:33.046,104,log-4
topic_normal,10:43:34.105,105,log-4
topic_normal,10:43:34.557,106,log-4
topic_normal,10:43:35.171,107,log-4
topic_normal,10:43:35.618,108,log-4
topic_normal,10:43:36.156,109,log-4
topic_normal,10:43:37.310,110,log-4
topic_normal,10:43:39.089,111,log-4
topic_normal,10:43:40.476,112,log-4
topic_normal,10:43:42.021,113,log-4
topic_normal,10:43:43.691,114,log-4
topic_normal,10:43:45.298,115,log-4
topic_normal,10:43:46.836,116,log-4
topic_normal,10:43:48.793,117,log-4
topic_normal,10:43:50.528,118,log-4
topic_normal,10:43:52.551,119,log-4
topic_normal,10:43:54.151,120,log-4
topic_normal,10:43:56.379,121,log-4
topic_normal,10:43:58.306,122,log-4
topic_normal,10:44:00.048,123,log-4
topic_normal,10:44:02.069,124,log-4
topic_normal,10:44:03.938,125,log-4
topic_normal,10:44:05.867,126,log-4
topic_normal,10:44:07.686,127,log-4
topic_normal,10:44:09.311,128,log-4
topic_normal,10:44:11.007,129,log-4
topic_normal,10:44:12.494,130,log-4
topic_normal,10:44:14.256,131,log-4
topic_normal,10:44:15.750,132,log-4
topic_normal,10:44:16.938,133,log-4
topic_normal,10:44:18.578,134,log-4
topic_normal,10:44:19.771,135,log-4
topic_normal,10:44:21.237,136,log-4
topic_normal,10:44:22.507,137,log-4
topic_normal,10:44:23.738,138,log-4
topic_normal,10:44:24.897,139,log-4
topic_normal,10:44:25.857,140,log-4
topic_normal,10:44:26.986,141,log-4
topic_normal,10:44:28.054,142,log-4
topic_normal,10:44:28.881,143,log-4
topic_normal,10:44:29.668,144,log-4
topic_normal,10:44:30.716,145,log-4
topic_normal,10:44:31.346,146,log-4
topic_normal,10:44:32.217,147,log-4
topic_normal,10:44:32.792,148,log-4
topic_normal,10:44:33.427,149,log-4
topic_normal,10:44:34.108,150,log-4
topic_normal,10:44:34.745,151,log-4
topic_normal,10:44:35.276,152,log-4
topic_normal,10:44:35.647,153,log-4
topic_normal,10:44:36.280,154,log-4
topic_normal,10:44:36.748,155,log-4
topic_normal,10:44:37.267,156,log-4
topic_normal,10:44:37.802,157,log-4
topic_normal,10:44:38.396,158,log-4
topic_normal,10:44:39.109,159,log-4
topic_normal,10:44:39.998,160,log-4
topic_normal,10:44:40.968,161,log-4
topic_normal,10:44:41.536,162,log-4
topic_normal,10:44:41.867,163,log-4
topic_normal,10:44:42.608,164,log-4
topic_normal,10:44:43.276,165,log-4
topic_normal,10:44:44.201,166,log-4
topic_normal,10:44:45.066,167,log-4
topic_normal,10:44:45.629,168,log-4
topic_normal,10:44:46.203,169,log-4
topic_normal,10:44:46.896,170,log-4
topic_normal,10:44:47.867,173,log-4
topic_normal,10:44:48.538,174,log-4
topic_normal,10:44:49.318,175,log-4
topic_normal,10:44:49.723,176,log-4
topic_normal,10:44:50.292,177,log-4
topic_normal,10:44:50.812,178,log-4
topic_normal,10:44:51.402,179,log-4
topic_normal,10:44:52.109,180,log-4
topic_normal,10:44:52.715,181,log-4
topic_normal,10:44:53.325,182,log-4
topic_normal,10:44:53.839,183,log-4
topic_normal,10:44:54.595,184,log-4
topic_normal,10:44:55.298,185,log-4
topic_normal,10:44:55.747,186,log-4
topic_normal,10:44:56.327,187,log-4
topic_normal,10:44:56.955,188,log-4
topic_normal,10:44:57.526,189,log-4
topic_normal,10:44:58.095,190,log-4
topic_normal,10:44:59.642,191,log-4
topic_normal,10:45:00.913,192,log-4
topic_normal,10:45:02.707,193,log-4
topic_normal,10:45:04.076,194,log-4
topic_normal,10:45:05.966,195,log-4
topic_normal,10:45:07.626,196,log-4
topic_normal,10:45:09.288,197,log-4
topic_normal,10:45:10.966,198,log-4
topic_normal,10:45:12.930,199,log-4
topic_normal,10:45:14.936,200,log-4
topic_normal,10:45:16.687,201,log-4
topic_normal,10:45:18.841,202,log-4
topic_normal,10:45:20.801,203,log-4
topic_normal,10:45:22.529,204,log-4
topic_normal,10:45:24.702,205,log-4
topic_normal,10:45:26.359,206,log-4
topic_normal,10:45:28.056,207,log-4
topic_normal,10:45:29.883,208,log-4
topic_normal,10:45:31.426,209,log-4
topic_normal,10:45:32.927,210,log-4
topic_normal,10:45:34.588,211,log-4
topic_normal,10:45:36.021,212,log-4
topic_normal,10:45:37.769,213,log-4
topic_normal,10:45:38.928,214,log-4
topic_normal,10:45:40.238,215,log-4
topic_normal,10:45:41.837,216,log-4
topic_normal,10:45:42.896,217,log-4
topic_normal,10:45:43.989,218,log-4
topic_normal,10:45:45.248,219,log-4
topic_normal,10:45:46.576,220,log-4
topic_normal,10:45:47.668,221,log-4
topic_normal,10:45:48.498,222,log-4
topic_normal,10:45:49.436,223,log-4
topic_normal,10:45:50.205,224,log-4
topic_normal,10:45:51.039,225,log-4
topic_normal,10:45:52.106,226,log-4
topic_normal,10:45:52.936,227,log-4
topic_normal,10:45:53.568,228,log-4
topic_normal,10:45:54.277,229,log-4
topic_normal,10:45:54.649,230,log-4
topic_normal,10:45:55.156,231,log-4
topic_normal,10:45:55.825,232,log-4
topic_normal,10:45:56.326,233,log-4
topic_normal,10:45:56.957,234,log-4
topic_normal,10:45:57.751,235,log-4
topic_normal,10:45:58.146,236,log-4
topic_normal,10:45:58.656,237,log-4
topic_normal,10:45:59.101,238,log-4
topic_normal,10:45:59.668,239,log-4
topic_normal,10:46:00.403,240,log-4
topic_normal,10:46:00.959,241,log-4
topic_normal,10:46:01.588,242,log-4
topic_normal,10:46:01.948,243,log-4
topic_normal,10:46:02.419,244,log-4
topic_normal,10:46:03.239,245,log-4
topic_normal,10:46:03.908,246,log-4
topic_normal,10:46:04.927,247,log-4
topic_normal,10:46:05.736,248,log-4
topic_normal,10:46:06.411,249,log-4
topic_normal,10:46:07.211,250,log-4
topic_normal,10:46:07.648,251,log-4
topic_normal,10:46:08.387,252,log-4
topic_normal,10:46:09.279,253,log-4
topic_normal,10:46:09.796,254,log-4
topic_normal,10:46:10.518,255,log-4
topic_normal,10:46:10.840,256,log-4
topic_normal,10:46:11.577,257,log-4
topic_normal,10:46:12.068,258,log-4
topic_normal,10:46:12.726,259,log-4
topic_normal,10:46:13.473,260,log-4
topic_normal,10:46:14.414,261,log-4
topic_normal,10:46:14.890,262,log-4
topic_normal,10:46:15.398,263,log-4
topic_normal,10:46:15.676,264,log-4
topic_normal,10:46:16.557,265,log-4
topic_normal,10:46:17.397,266,log-4
topic_normal,10:46:18.088,267,log-4
topic_normal,10:46:18.456,268,log-4
topic_normal,10:46:19.017,269,log-4
topic_normal,10:46:19.450,270,log-4
topic_normal,10:46:20.228,271,log-4
topic_normal,10:46:21.458,272,log-4
topic_normal,10:46:23.101,273,log-4
topic_normal,10:46:24.876,274,log-4
topic_normal,10:46:26.417,275,log-4
topic_normal,10:46:28.198,276,log-4
topic_normal,10:46:29.788,277,log-4
topic_normal,10:46:31.705,278,log-4
topic_normal,10:46:33.727,279,log-4
topic_normal,10:46:35.527,280,log-4
topic_normal,10:46:37.526,281,log-4
topic_normal,10:46:39.497,282,log-4
topic_normal,10:46:41.311,283,log-4
topic_normal,10:46:43.396,284,log-4
topic_normal,10:46:44.978,285,log-4
topic_normal,10:46:47.150,286,log-4
topic_normal,10:46:48.655,287,log-4
topic_normal,10:46:50.307,288,log-4
topic_normal,10:46:52.096,289,log-4
topic_normal,10:46:53.626,290,log-4
topic_normal,10:46:55.266,291,log-4
topic_normal,10:46:56.676,292,log-4
topic_normal,10:46:58.282,293,log-4
topic_normal,10:46:59.633,294,log-4
topic_normal,10:47:01.099,295,log-4
topic_normal,10:47:02.176,296,log-4
topic_normal,10:47:03.650,297,log-4
topic_normal,10:47:04.829,298,log-4
topic_normal,10:47:05.788,299,log-4
topic_normal,10:47:07.105,300,log-4
